t,S_p,Lp,Ip,Sv,Iv
0.0,650.0,250.0,100.0,300.0,200.0
0.1,328.3713299926193,566.8463720062875,104.78229800109312,318.21210853574735,261.56851778364154
0.2,193.27754652452657,695.0563416595348,111.66611181593845,247.5473582503957,260.50045096900044
0.30000000000000004,112.8792215690201,769.163820338921,117.95695809205854,255.22574165086436,325.0135193912079
0.4,89.15752513398265,787.9839470210519,122.858527844965,195.95305709830168,313.4098004317366
0.5,67.86243824752559,804.6230525455129,127.51450920696105,138.40104270625437,278.72998133343964
0.6,38.41841638525991,825.4243490894839,136.15723452525563,106.76371953743185,264.4212185895583
0.7,21.202307349826256,835.615845411351,143.18184723882214,120.43022749397858,349.0931826412893
0.7999999999999999,16.9769266498775,833.491716814628,149.53135653549373,89.89846285140007,322.1692232070882
0.8999999999999999,13.559971580439612,831.3337630515825,155.10626536797687,74.8825388268445,325.7874915464226
0.9999999999999999,10.228065566506457,828.5784556035052,161.19347882998727,73.53965984959571,379.7892020132447
1.0999999999999999,8.747949358268773,823.8885583673732,167.36349227435682,50.719308604885676,327.236091861104
1.2,6.1246656390708125,820.1863386466681,173.68899571425976,49.27339969641416,378.228335693607
1.3,5.224135246553894,815.0597881528228,179.716076600622,37.55537193505198,355.34374251817195
1.4000000000000001,4.141376894815364,810.1199408377469,185.7386822674364,32.26796591661625,370.3621937894877
1.5000000000000002,3.4383810750531465,804.8847161195042,191.6769028054412,32.887976455677475,448.8354374570512
1.6000000000000003,3.241821843630597,799.2402686265176,197.51790952985021,25.63925873147606,432.7841700355034
1.7000000000000004,3.01629024388857,793.670619193574,203.31309056253576,25.49618939887783,515.6725157600981
1.8000000000000005,2.851922128268226,788.0934612338468,209.05461663788333,13.589273483019529,366.2079518942866
1.9000000000000006,2.4558825924123524,782.8354262987751,214.70869110881083,14.63014784303779,469.49019180074225
2.0000000000000004,2.2811190782369866,777.335125227103,220.38375569465833,11.186782677917488,450.10857573778446
2.1000000000000005,1.995274685536666,771.9133702415276,226.09135507293414,6.028869652050316,325.8229228984495
2.2000000000000006,1.4329134083042574,766.8487742285232,231.71831236317092,3.2999137753181427,238.50441637619295
2.3000000000000007,0.9974983453548321,761.7591014251258,237.24340022951785,2.4458848106328523,222.35804823150434
2.400000000000001,0.6848635286070857,756.5653591114113,242.74977735997996,2.335645186408565,256.32570540295444
2.500000000000001,0.6510751938687339,751.2617789844328,248.08714582169674,1.4362758088973004,205.1436649189768
2.600000000000001,0.5641850300528535,745.9786302794425,253.45718469050288,0.8287070409122137,154.29610256084405
2.700000000000001,0.5512186088859261,740.6255126731431,258.8232687179692,0.8476464979124902,183.71416961553825
2.800000000000001,0.567930332709651,735.3496356540236,264.082434013265,0.7439829654877383,192.20747730299658
2.9000000000000012,0.5282918250028154,730.1478360400198,269.32387213497566,0.49386333995661347,157.63752562345226
3.0000000000000013,0.5349790330379193,724.9134971704049,274.55152379655556,0.5198143172429923,187.34470341691872
3.1000000000000014,0.560179489059487,719.766474310271,279.673346200668,0.5887027571033386,239.93393472719777
3.2000000000000015,0.5198063218947819,714.7205051082176,284.75968856988607,0.5378482704009664,257.09978218770914
3.3000000000000016,0.37469887389855605,709.7422324804439,289.88306864565584,0.4947149576637892,276.13653633467885
3.4000000000000017,0.3443262051920217,704.7395802275913,294.91609356721483,0.44264181446562584,288.0927320164201
3.5000000000000018,0.37161363857483887,699.7623064349189,299.8660799265045,0.4259636111825306,318.2115169615102
3.600000000000002,0.3598231804566565,694.8490735597984,304.791103259743,0.32430410235342777,284.9580508862457
3.700000000000002,0.33964481631920856,689.9687591196778,309.691596064001,0.1946305849598249,198.36348731300308
3.800000000000002,0.38951579405897085,685.0465946946233,314.56388951131567,0.19633006199887432,200.71886509186348
3.900000000000002,0.4151389776977286,680.1937388288966,319.39112219340365,0.14984625174327124,155.0208433348916
4.000000000000002,0.5413994380679266,675.2987775973814,324.1598229645485,0.15228786287040558,147.36274239214893
4.100000000000001,0.7704727727807258,670.4683484886978,328.76117873851933,0.1520541433025966,138.87010985632222
4.200000000000001,0.6207669550159967,665.8390319508696,333.5402010941123,0.13920993746344346,119.95872555493801
4.300000000000001,0.6955872554458444,661.0818579497632,338.22255479478906,0.15684015489148817,125.50668967795697
4.4,0.8497524027966562,656.4036031856784,342.74664441152305,0.1456717431596728,112.27531965513714
4.5,0.9181647197375729,651.8097732485467,347.2720620317139,0.18447926526789132,135.6587724682259
4.6,0.7861332913867205,647.3972319530509,351.8166347555605,0.1980445968379467,148.4313146519088
4.699999999999999,0.7464737822997504,642.972308353402,356.28121786429614,0.12681159735630132,100.90669625940167
4.799999999999999,0.7588678560796751,638.4078740277006,360.8332581162175,0.19242127147046492,142.69151818229113
4.899999999999999,0.7128854013285445,634.033949181832,365.25316541683736,0.25475004954179936,195.4126719776996
4.999999999999998,0.4797037252631323,629.7850453682862,369.73525090644847,0.23902560895705643,204.759070999421
5.099999999999998,0.526282141474328,625.4372607958148,374.0364570627087,0.20097812772857002,192.17861280073254
5.1999999999999975,0.655081164154115,621.1194350059511,378.2254838298926,0.2258246072310857,228.61662385131328
5.299999999999997,0.4683371413374226,616.9626508664123,382.56901199224814,0.1978417412299007,221.499908684352
5.399999999999997,0.5240119490196353,612.7322083257831,386.7437797251952,0.21183550257906059,252.239893036481
5.4999999999999964,0.4741153510314004,608.5967445311148,390.92914011785166,0.26232566038551053,335.8904791539345
5.599999999999996,0.412929044976273,604.4847910090847,395.1022799459369,0.16845417976600505,257.6853143131134
5.699999999999996,0.3603558534161785,600.3794454066799,399.2601987399017,0.10071899104864178,161.7076329264738
5.799999999999995,0.4333691049715929,596.1549818754519,403.41164901957427,0.13314515396313173,187.42065808077496
5.899999999999995,0.4056790084753277,592.061405072457,407.5329159190654,0.1319602228611549,178.93187387061278
5.999999999999995,0.5177020813514224,587.9564520414765,411.5258458771698,0.15828474757934824,207.83028075604344
6.099999999999994,0.4798576312753132,583.9940002994723,415.52614206925017,0.2708493255679154,362.2081279322156
6.199999999999994,0.34309954184557206,580.095563285548,419.56133717260417,0.2174715719311515,347.0086044376764
6.299999999999994,0.3556731833384946,576.1882780915352,423.456048725124,0.18003100717235432,326.9421906681053
6.399999999999993,0.354189517713687,572.3170419852447,427.328768497039,0.16910799525739556,331.08393298768357
6.499999999999993,0.39009287230659256,568.4737725250849,431.13613460260586,0.15513185064388701,323.0655378502493
6.5999999999999925,0.3379695667036624,564.6820679510341,434.9799624822596,0.21481020146702992,460.388768069086
6.699999999999992,0.35008241766688786,560.9015627186809,438.74835486364947,0.199924662193439,486.7154873811019
6.799999999999992,0.3533885636221312,557.1558689984386,442.4907424379366,0.17561334668694858,481.33405801478585
6.8999999999999915,0.364948586052886,553.4412173363044,446.1938340776401,0.17660178824372888,523.8685179374976
6.999999999999991,0.3973169220072314,549.7564756892525,449.84620738873764,0.20249088903861345,648.2202410525227
7.099999999999991,0.3391429730675853,546.1557416013345,453.50511542559525,0.12312761008062284,466.71146024854374
7.19999999999999,0.3473834980735004,542.5327783626772,457.1198381392466,0.1286157887580664,475.33367385324846
7.29999999999999,0.36555273318654746,538.9400057692569,460.6944414975536,0.132076664432424,484.88884931672885
7.39999999999999,0.38445459044963287,535.3793747747376,464.23617063480987,0.14399003557106202,531.4191742295535
7.499999999999989,0.433725550832457,531.8475263583914,467.7187480907734,0.11192308609166252,432.06056839540537
7.599999999999989,0.4799819991190893,528.3480998744774,471.1719181264008,0.1289914369564134,474.4944471875285
7.699999999999989,0.42424911596437986,524.8904356509806,474.6853152330522,0.12605865968065522,466.1661623836814
7.799999999999988,0.36835917036248667,521.4589403673923,478.17270046224235,0.11762839855594379,434.76160019371684
7.899999999999988,0.29935947176886696,518.0559076562375,481.64473287199064,0.09986639904515394,359.06814907056986
7.999999999999988,0.27534128173738487,514.6713247026241,485.05333401563524,0.08222941259190733,265.0924955179504
8.099999999999987,0.3181272040313485,511.2660171742019,488.41585562176346,0.1213255429718442,337.29677650323936
8.199999999999987,0.30452027155122097,507.9387855090218,491.7566942194236,0.13641460540814326,377.7627298664659
8.299999999999986,0.4723967300320842,504.6216418256767,494.90596144428787,0.11579473500292721,335.46538763996506
8.399999999999986,0.35790283450217586,501.3940321228146,498.2480650426797,0.07726278408361797,218.56033445234615
8.499999999999986,0.415981599822725,498.0975775630996,501.4864408370742,0.08696260597331523,200.5296598418421
8.599999999999985,0.5246547217671929,494.82725971045465,504.6480855677747,0.09630755400905527,193.5961755757122
8.699999999999985,0.6813285892114432,491.6207448877822,507.69792652300293,0.08998007391241301,164.16239325826555
8.799999999999985,0.6187407868202031,488.4961684655249,510.8850907476516,0.10951129551662547,179.60296050297632
8.899999999999984,0.6153466845277706,485.3857207236092,513.9989325918597,0.10826919450530827,172.6727072653451
8.999999999999984,0.8134278008483501,482.27000182756194,516.9165703715864,0.09625808134083959,148.53440974198693
9.099999999999984,0.7456421965810264,479.2618532679759,519.9925045354398,0.14124170714042106,205.01725918029598
9.199999999999983,0.7507762848843504,476.3122265456287,522.9369971694838,0.11830910597057571,186.23872546614794
9.299999999999983,0.4885600565112247,473.4014044008168,526.1100355426688,0.08309453471655696,132.9567311442171
9.399999999999983,0.4962439766341281,470.24642332854205,529.2573326948207,0.09396028251795115,130.9005742270772
9.499999999999982,0.7015969114051606,467.0978549655869,532.2005481230049,0.09878755240344683,127.04066335628066
9.599999999999982,0.6161079624547479,464.09966549580355,535.2842265417387,0.07920256439684575,95.20481050662646
9.699999999999982,0.8263553274440134,460.92920064339336,538.2444440291597,0.11314437126378113,119.29189270120044
9.799999999999981,0.8514849122820951,458.01269077350537,541.1358243142096,0.0986973832544735,104.82771896789251
9.89999999999998,0.8304126251672018,455.0782462907624,544.0913410840674,0.11451220227270098,116.34647363121296
9.99999999999998,1.076783526772615,452.1831582817792,546.7400581914451,0.11004500320932999,113.619945168936
10.09999999999998,1.0731673340499766,449.45344742855343,549.4733852373935,0.10200444459225284,105.51836264617661
10.19999999999998,0.5644664198151177,446.75064827010755,552.6848853100742,0.11916634744490477,120.21200832941341
10.29999999999998,0.6026077754420709,443.8165054526044,555.5808867719505,0.09972941736475205,104.92048571362866
10.399999999999979,0.8031397059054061,440.8546765168164,558.3421837772752,0.12784525731660445,130.7866642565896
10.499999999999979,1.0104023746181925,438.1205337755047,560.8690638498741,0.1430449609416097,155.3991429725674
10.599999999999978,0.5009345229721759,435.6416394245936,563.8574260524313,0.12820196404494896,155.5450077265466
10.699999999999978,0.563282813426121,432.867413137918,566.569304048653,0.1511439717064222,195.09544374356946
10.799999999999978,0.5296222401312988,430.22369270679246,569.2466850530733,0.14745462065747744,215.31394809715619
10.899999999999977,0.6348047231707666,427.59525455302264,571.7699407238038,0.09560621061712495,163.77916421047658
10.999999999999977,0.6072443734634765,424.9843220680081,574.4084335585255,0.10368073773416672,170.8807726694783
11.099999999999977,0.5824721283603584,422.393939379522,577.0235884921146,0.10959582895798539,180.1199037700173
11.199999999999976,0.501617001946062,419.8320814891083,579.6663015089426,0.13189132197030518,220.8996828271268
11.299999999999976,0.5749593601546159,417.28679504696686,582.1382455928755,0.10045216946294472,187.60543928055213
11.399999999999975,0.6872467732617784,414.76041254678773,584.5523406799475,0.10555459310295885,195.05994768378466
11.499999999999975,0.6338311881670533,412.3299352996888,587.036233512141,0.12633868374812074,235.8888568327977
11.599999999999975,0.7852506432468972,409.90043071119646,589.3143186455537,0.12939178292916376,261.304837276254
11.699999999999974,0.4758303146816559,407.6087104114278,591.9154592738877,0.10717901527463729,239.8150539718305
11.799999999999974,0.5557504601716287,405.1678213539616,594.2764281858639,0.11120942786600546,254.47394521637707
11.899999999999974,0.5406111488560091,402.8013147830317,596.658074068109,0.09728120469841725,232.46119616910147
11.999999999999973,0.560158485267537,400.426399502882,599.0134420118475,0.12273488411471005,289.6804078226845
12.099999999999973,0.4112039994098417,398.11312890804504,601.4756670925422,0.08552246374795476,223.4018596194732
12.199999999999973,0.3537388312369393,395.72622715895545,603.9200340098047,0.07457032945496916,179.44650278280574
12.299999999999972,0.4492814876493956,393.26066748750935,606.2900510248384,0.08767272639995778,184.87369729905487
12.399999999999972,0.4095067397871181,390.8827565042325,608.7077367559775,0.0994071947841241,199.0416518239931
12.499999999999972,0.4626275305896,388.52076890189215,611.0166035675152,0.07842786495023468,157.70251822045887
12.599999999999971,0.607284040179504,386.1239780949251,613.2687378648923,0.08234974075136194,148.4455771044259
12.69999999999997,0.7538924674940177,383.803301413561,615.4428061189419,0.10203106283554012,171.21032269009214
12.79999999999997,0.7638890599174902,381.63597486246664,617.6001360776129,0.09209465444897193,157.80607251295677
12.89999999999997,0.738151382673014,379.4708418758171,619.7910067415069,0.15163668258571308,255.42394321418706
12.99999999999997,0.506271374691757,377.4127987082155,622.0809299170897,0.07081262016509773,155.4981701992507
13.09999999999997,0.6158158123465008,375.1307501321359,624.2534340555146,0.07980904732473072,150.52135863372933
13.199999999999969,0.7716113635103689,372.9126408708356,626.3157477656512,0.07480295711109015,127.94090594611978
13.299999999999969,0.5945832002181013,370.75519941531024,628.6502173844688,0.10547521198498283,163.32751876880263
13.399999999999968,0.7093308991313455,368.5939389565864,630.6967301442794,0.145743141330489,233.34437644063104
13.499999999999968,0.7442173054428588,366.5732000358124,632.6825826587419,0.15515887706158424,286.6348883896939
13.599999999999968,0.5438764350486783,364.61262887727884,634.8434946876695,0.07681796025543129,186.78253200574343
13.699999999999967,0.5328266516355344,362.5248614504533,636.9423118979082,0.07481090381844382,163.18240919819192
13.799999999999967,0.5939617315894993,360.4033631179531,639.0026751504544,0.076773999021988,148.85354836015264
13.899999999999967,0.5171867457818642,358.30814334969506,641.1746699045201,0.11193399620071423,200.73216265449238
13.999999999999966,0.3951421937985712,356.2850533197984,643.3198044864,0.11015351275467326,212.5500797122072
14.099999999999966,0.37401252631680504,354.23107599005664,645.3949114836236,0.11004349775438434,227.25362078354854
14.199999999999966,0.4498624800126481,352.1955129813163,647.3546245386682,0.1350824911630272,296.0889349947505
14.299999999999965,0.267060141548545,350.2550712378893,649.4778686205592,0.09733737694390265,253.89904502969557
14.399999999999965,0.23906045628341924,348.2319455165932,651.5289940271203,0.07314528347980212,196.19060298410398
14.499999999999964,0.34865587922196667,346.14191798983927,653.5094261309358,0.06426034630386653,150.5104825536971
14.599999999999964,0.6730909574720089,344.01384499329475,655.3130640492304,0.07241627906286273,140.6147766459627
14.699999999999964,0.8762598679530117,342.0629336720299,657.0608064600142,0.0694036069526902,118.42461887111138
14.799999999999963,0.9853438524788345,340.1724086199507,658.8422475275675,0.07899938948908565,117.68789843561899
14.899999999999963,0.935970873075451,338.36371705916224,660.7003120677593,0.1053939419508126,148.19934981622657
14.999999999999963,0.457869525014925,336.66332391173034,662.8788065632518,0.08629585698209527,130.43303966369518
15.099999999999962,0.7202381180578039,334.62111616142323,664.658645720516,0.08882171949762199,131.28250919149545
15.199999999999962,0.5022369566133211,332.7707850732213,666.7269779701624,0.09244160007010144,135.60686143553707
15.299999999999962,0.4995532716556687,330.81666983061393,668.6837768977274,0.08290858313529802,123.2070003436975
15.399999999999961,0.6479730963460157,328.8289708131798,670.5230560904711,0.07080518571098417,100.72278128000977
15.499999999999961,0.6608860036034259,326.8554975278672,672.4836164685263,0.06846323557837923,85.54643051418415
15.59999999999996,0.7303791452328904,324.82596828827957,674.4436525664846,0.08921888906298212,98.95311539283932
15.69999999999996,0.5456421343043041,322.93160973483225,676.5227481308607,0.07403430739194514,82.23160198327191
15.79999999999996,1.1422062733721676,320.8335535669022,678.0242401597229,0.15537514239590736,163.0727417500051
15.89999999999996,0.8235577030630286,319.41334450128215,679.763097795652,0.09674612556765157,132.64432304439657
15.99999999999996,0.6352141431794747,317.7515241730153,681.6132616838024,0.0955576538694441,136.44893742439277
16.09999999999996,0.46334289660123107,316.0093797780303,683.5272773253656,0.1360675596099297,199.90211383873992
16.19999999999996,0.40381436208025046,314.31360156828543,685.2825840696314,0.16899440598359605,285.1602002802661
16.29999999999996,0.3045538884672136,312.67072464029866,687.024721471231,0.10669395669407103,241.9436021105076
16.399999999999963,0.2251816061280734,310.97215192760285,688.8026664662659,0.09542524999364416,236.94268461885915
16.499999999999964,0.3079047181748165,309.2551704055973,690.4369248762247,0.0934209144798217,241.57671199392206
16.599999999999966,0.2575842051969368,307.5949332155857,692.1474825792142,0.09848982908896031,262.6443875744805
16.699999999999967,0.35663113435715216,305.9301762845136,693.713192581126,0.09922146319630479,279.7185173747473
16.79999999999997,0.2378225638647552,304.3399163184896,695.4222611176425,0.08894263252014134,267.4317623928317
16.89999999999997,0.20415879180436647,302.7052912060308,697.0905500021615,0.0798826197487991,243.70643691189125
16.99999999999997,0.30030510234648616,301.0387892410146,698.6609056566355,0.08020505906588452,235.5519353188027
17.099999999999973,0.35765699957173114,299.4340894413398,700.208253559085,0.12195221326410637,349.0601063130625
17.199999999999974,0.41929961052006487,297.90510477924255,701.6755956102339,0.08414072272643773,287.6488737566484
17.299999999999976,0.5652376698417856,296.395686367708,703.0390759624466,0.08084849020487044,273.9315824251912
17.399999999999977,0.3650430395007595,294.9662773574686,704.6686796030269,0.13851590708721728,460.2065660526302
17.49999999999998,0.356335781241731,293.472613840587,706.1710503781676,0.13920170589988587,552.9287089813661
17.59999999999998,0.3047694532315303,291.99821094150997,707.6970196052549,0.12909682587886312,620.9050441260538
17.69999999999998,0.2968429251716552,290.5457914064709,709.1573656683539,0.08931074102544723,527.1867969703897
17.799999999999983,0.30297735956517735,289.0870481621651,710.6099744782663,0.05333246706441248,326.0535316373535
17.899999999999984,0.32845545890137123,287.6321100337842,712.039434507311,0.060464357110842366,281.1751726016734
17.999999999999986,0.4109154829167161,286.1778968913691,713.4111876257107,0.07151604430692249,278.7556297323365
18.099999999999987,0.3024146882829217,284.7735106224478,714.9240746892656,0.0786042690591023,282.2045331082749
18.19999999999999,0.2533663743435777,283.34031488353907,716.4063187421136,0.05765122261013111,198.29148747676894
18.29999999999999,0.2597776804349162,281.8142486770272,717.9259736425342,0.08963137213298877,261.20503004692034
18.39999999999999,0.31853550971451744,280.3692322976924,719.3122321925894,0.10819166716290082,324.3207109204944
18.499999999999993,0.23317730974153628,278.99637337261873,720.770449317636,0.12416265332938388,411.197500615998
18.599999999999994,0.32142398965292723,277.6245880110491,722.0539879992943,0.12961099601954384,499.52121371238036
18.699999999999996,0.33130275822629507,276.2755355721369,723.3931616696335,0.0760234029013961,373.0925706752864
18.799999999999997,0.3661757077928901,274.93940181234456,724.6944224798591,0.06320236548668469,294.25292302810453
18.9,0.4087263905840459,273.6131605834466,725.9781130259657,0.07651124315459783,310.4270617764147
19.0,0.4023072366283187,272.31672168380334,727.2809710795647,0.06465439149967117,250.52731575687955
19.1,0.28573909051838947,271.0116352309176,728.7026256785604,0.09615509872822907,334.76759851169396
19.200000000000003,0.22523680063930362,269.7111981812159,730.0635650181413,0.07513263672530925,283.738983246113
19.300000000000004,0.21083052030403518,268.37706683854935,731.4121026411428,0.0774058415209209,278.99006358299283
19.400000000000006,0.31476570688850847,267.04039458245796,732.6448397106498,0.07882807575463127,275.6410265638442
19.500000000000007,0.2057946273151856,265.7600119955882,734.0341933770928,0.07631412413440432,261.36235314586736
19.60000000000001,0.24785762420337337,264.42924795705136,735.3228944187415,0.0759465415765153,250.77662918396072
19.70000000000001,0.32174036051051713,263.1153659148001,736.5628937246856,0.05647683646161618,177.8581158218522
19.80000000000001,0.47054930606647577,261.7496064221534,737.7798442717765,0.06159689334114878,156.5626170869582
19.900000000000013,0.4792024364385289,260.4338777802662,739.0869197832918,0.09014894408006784,202.49524182788912
20.000000000000014,0.806277675305729,259.2035637500378,739.9901585746529,0.05182419495749213,125.0621833056656
20.100000000000016,0.7241692672229693,258.0097310667604,741.2660996660129,0.09068366949203448,179.99072245873396
20.200000000000017,0.7382475357589093,256.90678790512266,742.3549645591148,0.08385682191512134,175.7112425541482
20.30000000000002,0.6488558650196172,255.8185967394648,743.5325473955121,0.08763319316245859,186.64188334144677
20.40000000000002,0.4019459857772314,254.71359911795585,744.8844548962635,0.13073281418148922,286.59491749252
20.50000000000002,0.4283746698787396,253.5692900201649,746.0023353099529,0.18449889286169796,470.16894754249483
20.600000000000023,0.4303072356955412,252.42923003149332,747.1404627328077,0.14425122455751438,502.1243416763948
20.700000000000024,0.4357918946584196,251.29969258232006,748.264515523018,0.14136814055783203,611.1978058813411
20.800000000000026,0.38720586044729804,250.209899622239,749.40289451731,0.08449606162329436,488.21684008519543
20.900000000000027,0.4049298766402889,249.0965727454426,750.4984973779135,0.0909425754980405,538.1450575355512
21.00000000000003,0.29429541578759444,248.0005355424758,751.705169041733,0.06650469571321158,423.17730669604174
21.10000000000003,0.23876572883740196,246.90226637268444,752.8589678984747,0.06100752734313164,347.6680816671839
21.20000000000003,0.2644603432499058,245.7955722872158,753.9399673695307,0.07878379452400347,392.9463179884446
21.300000000000033,0.24083989370434306,244.71133832009798,755.0478217861939,0.0537919893256632,266.0072717863297
21.400000000000034,0.25217161184232195,243.578625639332,756.1692027488218,0.04663586996181833,173.6824670365355
21.500000000000036,0.37533049886519076,242.33310247740292,757.291567023728,0.0599780537997604,163.66890427952038
21.600000000000037,0.3248658498865645,241.14777166727265,758.5273624828369,0.06218139388486517,144.26384866726588
21.70000000000004,0.5488081315765021,239.88388702073382,759.5673048476858,0.06671400751393759,135.45332150877687
21.80000000000004,0.8376166332348598,238.7291696551946,760.4332137115667,0.0760678946995924,141.76294345997417
21.90000000000004,0.6178098559855527,237.7842850219622,761.5979051220485,0.06154227355176062,112.08225153572072
22.000000000000043,1.1335487747331454,236.5945664157498,762.2718848095132,0.0528996227312373,81.76882341192402
22.100000000000044,1.5341211906685739,235.5272711153118,762.9386076940156,0.0590607562403846,72.01161784571971
22.200000000000045,1.593960828124015,234.59246660717196,763.8135725646998,0.06604844586675027,68.74761618069208
22.300000000000047,1.798457952575313,233.65627168405197,764.5452703633686,0.06853392389306966,64.9215941502218
22.40000000000005,1.5406736978262474,232.7932588908766,765.666067411293,0.07150265367572652,63.05779818785931
22.50000000000005,1.7146915604585848,231.7910247634876,766.4942836760497,0.08285371336108979,69.95030930375151
22.60000000000005,1.2223686949596544,230.96896594286954,767.8086653621667,0.09407648282227257,81.43376466214332
22.700000000000053,1.5453775482162624,229.99395266098384,768.4606697907958,0.1158907870729288,107.81242568597497
22.800000000000054,1.0224655471237527,229.3988919878261,769.578642465046,0.07887782467791685,90.12790333724537
22.900000000000055,0.7994723081832521,228.41252685009275,770.78800084172,0.06990029460427484,80.32599776006528
23.000000000000057,1.161025329644977,227.24134929924867,771.5976253711023,0.09417208023161774,103.24893439237688
23.10000000000006,1.0384589747872695,226.4202349521045,772.5413060731041,0.08049336248774508,97.06292749420001
23.20000000000006,1.1016927467433617,225.49939691507885,773.3989103381736,0.0760544527060517,93.3416991091102
23.30000000000006,0.950586174354606,224.60479146638988,774.4446223592514,0.061786500940767555,74.8807055876896
23.400000000000063,1.1966859061390624,223.50621774388,775.2970963499769,0.0603824154688723,63.97213302856814
23.500000000000064,1.3697428204308235,222.44323866905214,776.1870185105129,0.07732588371775541,72.51262987421299
23.600000000000065,0.9991686541485234,221.56098666360427,777.4398446822431,0.09015151581652717,84.53186039461809
23.700000000000067,1.1196502171126854,220.5823033478162,778.2980464350669,0.10817450781526165,107.99752161804437
23.800000000000068,0.9430966971336909,219.821268206189,779.235635096673,0.11787805318841375,134.31598477223983
23.90000000000007,0.7526582117443559,219.07315771408238,780.1741840741689,0.10358485664024761,141.77065414111678
24.00000000000007,0.7215633430100085,218.24008954900344,781.0383471079822,0.08344012921606028,132.14418930692827
24.100000000000072,0.6127858810629232,217.3694072859741,782.0178068329587,0.0812317335385911,133.83344982820063
24.200000000000074,0.6010216713966451,216.44650477862388,782.9524735499753,0.04457281855138664,76.60383122175875
24.300000000000075,0.6606156292776145,215.266468534087,784.0729158366312,0.051481918700366364,62.047574908438385
24.400000000000077,1.0509322118623576,214.0205250135394,784.928542774594,0.047106966917631374,42.80213047607795
24.500000000000078,1.7894127419481152,212.75791030451663,785.452676953531,0.05136782300960347,33.96985844477795
24.60000000000008,2.302622615928854,211.6191348497979,786.0782425342688,0.046932845173417254,23.411140847516776
24.70000000000008,3.392642996897164,210.3959375226737,786.2114194804248,0.05702333860596569,21.255585260625466
24.800000000000082,2.8631544344086257,209.38373728496583,787.7531082806212,0.05689220470535021,17.78286048150629
24.900000000000084,3.7483920495350755,208.14778276272662,788.103825187734,0.0683380487919283,18.34114911010358
25.000000000000085,3.887681179510096,207.10206113383666,789.0102576866489,0.06671731207841254,16.93091632715765
25.100000000000087,4.386683376560209,206.0269632259441,789.5863533974913,0.05363692085376313,12.558700040049834
25.200000000000088,6.712199516667644,204.80481420179524,788.4829862815328,0.06297411054924615,12.18006763304826
25.30000000000009,7.3982631882145515,203.8817518449733,788.7199849668079,0.08087702133593709,14.367124228442554
25.40000000000009,4.95164574026494,203.27758583959954,791.7707684201313,0.07401020307841404,13.648814991219659
25.500000000000092,5.4348980509643035,202.2466273960792,792.3184745529522,0.08018066557853448,14.692965769548406
25.600000000000094,7.0417338887848455,201.30462237373982,791.653643737471,0.06259614278883699,11.93492798536638
25.700000000000095,11.58621673381397,200.32441204850664,788.0893712176751,0.08969628755837572,15.786592730822141
25.800000000000097,7.361840378239946,200.48215093054313,792.1560086912126,0.07112600333811074,13.758991773201501
25.900000000000098,6.955219281613597,199.8038407120827,793.2409400062994,0.10027880351382387,18.97572367107246
26.0000000000001,7.322601408701383,199.3785076010097,793.2988909902847,0.09150099521881502,19.791085205032513
26.1000000000001,7.337008975444412,199.0780898015908,793.5849012229605,0.08121367197973148,19.37114941717873
26.200000000000102,7.202481789433989,198.76055509296827,794.0369631175937,0.05845016069290356,14.637471651077586
26.300000000000104,9.740831403036548,198.05232998259498,792.2068386143643,0.07625535894033227,16.890104718883048
26.400000000000105,8.293524773360652,197.9834951602529,793.7229800663822,0.07298868965532132,16.292575850566642
26.500000000000107,5.590029515191027,197.6895671119025,796.7204033729023,0.08534939798902447,18.814560819805074
26.600000000000108,7.17721280741097,197.0135651212036,795.8092220713812,0.06502922724631471,15.472988808056044
26.70000000000011,10.625135767310514,196.34622726466964,793.0286369680157,0.06322962407010232,13.889615943733368
26.80000000000011,8.75309490778487,196.1597884800592,795.0871166121516,0.08279890779559315,16.79131937024565
26.900000000000112,11.721227155780193,195.8315787944969,792.4471940497186,0.10497097470972239,22.19133118987392
27.000000000000114,14.880401239125156,196.4648052856956,788.654793475175,0.050932076351285424,13.635521689750249
27.100000000000115,10.539585907592741,196.8446855298192,792.6157285625839,0.0737762950539943,16.224439006910636
27.200000000000117,18.099713864552367,196.5994862679885,785.300799867455,0.08003853824663065,17.452532994225926
27.300000000000118,14.855326958203893,197.93001597297547,787.2146570688166,0.04947241223816916,11.211550690530906
27.40000000000012,17.108632638269473,197.7967568673312,785.0946104943954,0.05252517972576011,9.06364512064511
27.50000000000012,17.710098587660923,197.61223199492966,784.6776694174055,0.057461530199413476,7.972179515608429
27.600000000000122,26.439063639468028,197.07862878414616,776.4823075763819,0.07405801319171862,8.975108996040397
27.700000000000124,29.35319800125142,197.59868188354406,773.0481201152006,0.06822763621400207,8.158255856519391
27.800000000000125,27.884868579782626,198.2630987650075,773.8520326552059,0.07266051700942813,8.205820143472819
27.900000000000126,18.875767735096797,199.03385128756813,782.0903809773312,0.05537596212932463,6.075932234395131
28.000000000000128,19.80150792023457,198.4606276710824,781.7378644086791,0.07035467423674927,6.592070564933209
28.10000000000013,17.274001086856998,198.13727771877473,784.5887211943644,0.0945882497570763,8.62481626448132
28.20000000000013,18.22622223964494,197.8875474011619,783.8862303591893,0.049691539544353514,5.361574697606192
28.300000000000132,20.020113870231587,197.14081993623125,782.8390661935334,0.0908879702900432,8.214554441426044
28.400000000000134,18.836014470209207,197.10404510161376,784.0599404281734,0.07360579962894591,7.37237249782449
28.500000000000135,21.446896238331547,196.72580209605715,781.8273016656076,0.054466159860632364,5.398923299279274
28.600000000000136,22.865168235580818,196.17065140410716,780.9641803603082,0.06604646350056512,5.508646798304011
28.700000000000138,14.127109565998214,195.99558324249543,789.8773071915024,0.08888887170003618,7.01600109447951
28.80000000000014,15.550807382281887,195.2892555150869,789.1599371026273,0.07310390129398822,6.364057202242162
28.90000000000014,10.19343767565674,194.7711635621833,795.035398762156,0.08410159176018339,7.276328917645031
29.000000000000142,11.830875670106451,193.8357015470061,794.3334227828835,0.06918927311757576,6.441224850945533
29.100000000000144,6.9209056458698255,193.10129347379925,799.977800880327,0.09670710457846177,8.76347383934905
29.200000000000145,9.161619490415644,192.04014890782125,798.798231601759,0.08210409772251512,8.528097262373814
29.300000000000146,8.139551244094259,191.23630035728345,800.6241483986182,0.0706373872924406,7.783126492002599
29.400000000000148,8.74182637250702,190.25761574553923,801.0005578819496,0.11265152215695871,12.224456448847729
29.50000000000015,11.824545832817895,189.62658576189116,798.5488684052866,0.11116617725721367,14.355191450449906
29.60000000000015,17.379067835340646,189.50159266160065,793.1193395030542,0.06724784829488163,10.983847928098982
29.700000000000152,8.46227226454838,189.96047094369564,801.5772567917514,0.06361292899855885,9.78756993344967
29.800000000000153,10.490114380146009,189.13790915216666,800.3719764676829,0.08257066069029695,11.84834235504907
29.900000000000155,9.625687912038032,188.77797488485825,801.5963372030992,0.10124845499263063,15.216240875786706
30.000000000000156,13.817340047354097,188.48448769586872,797.6981722567728,0.0888956775375263,15.480350662545804
30.100000000000158,13.155645704875015,188.92242877667474,797.9219255184458,0.0500412139875151,9.874756349944938
30.20000000000016,11.54529542415473,188.63750835736724,799.8171962184737,0.056468201596349576,8.761700464816736
30.30000000000016,13.295726716124001,188.00318622174538,798.7010870621264,0.07529257960966128,10.22287950160773
30.400000000000162,16.58461795829862,187.65477471165173,795.7606073300454,0.0780168431967842,10.685923992222694
30.500000000000163,11.65007813261314,187.90116038912507,800.4487614782576,0.09286385272505311,12.997685715674217
30.600000000000165,9.530651299268246,187.8290063362857,802.640342364442,0.07699565755900262,12.113580776321555
30.700000000000166,9.11040191882994,187.38729885027632,803.5022992308898,0.08150752110864543,13.086984582478753
30.800000000000168,9.216867447653598,186.96918506837056,803.8139474839718,0.0646689750956977,10.994259281915175
30.90000000000017,11.659005461877939,186.33269050164614,802.0083040364718,0.114408071843179,18.50126456245726
31.00000000000017,10.47637233951885,186.8021309950532,802.7214966654237,0.10512144238681685,20.455719079164275
31.100000000000172,10.056310953333885,187.22440702600244,802.7192820206595,0.0839898446311245,19.396992654366183
31.200000000000173,18.439231327306103,187.2528976450362,794.3078710276535,0.09261187445954455,22.601405854274287
31.300000000000175,15.132017827698144,189.4792614383022,795.3887207339956,0.1140113721211105,30.21671045521111
31.400000000000176,13.853862070672752,191.85782806276686,794.2883098665563,0.08106048163063792,26.573637131574756
31.500000000000178,11.342499936839472,193.55547007170279,795.1020299914536,0.08881729289701373,30.12774749800081
31.60000000000018,6.236723877546553,195.04635225985052,798.7169238625988,0.0772069156702902,28.510885505696788
31.70000000000018,5.524193934844008,195.05757258686185,799.4182334782901,0.06922843595107983,25.994249201739333
31.800000000000182,5.3859204772167715,194.77297902941734,799.8411004933619,0.0815386746495198,29.50805832857483
31.900000000000183,5.959797976866052,194.5919295125127,799.4482725106172,0.09244713712279587,34.773350855050424
32.000000000000185,7.00089058651661,194.77524681340267,798.2238626000767,0.0898119966068683,37.234918615188306
32.100000000000186,4.3689947310966435,195.46834255642622,800.1626627124732,0.08405672048430868,38.00333506624447
32.20000000000019,5.038771188172875,195.31233622892591,799.6488925828974,0.1075379333194264,50.95609608612966
32.30000000000019,2.7827920141627,195.8665711240673,801.3506368617661,0.06105360835609217,36.170364475733095
32.40000000000019,2.5563862446305916,195.213678939336,802.2299348160294,0.07156972719704958,38.175312469910175
32.50000000000019,3.308466881189727,194.5158968545786,802.1756362642277,0.06588011133940319,34.311487920055555
32.60000000000019,2.9270101672659172,193.98259927277135,803.0903905599588,0.04402585950846628,20.84114282304343
32.700000000000195,2.832229617808431,192.99843214780506,804.1693382343826,0.04781655069322507,15.75630483673301
32.800000000000196,5.076551019508081,191.8057828646494,803.1176661158387,0.06196637761241197,15.94185724727977
32.9000000000002,6.999641450042505,190.95660795934148,802.0437505906123,0.09329650455020647,22.20933756437499
33.0000000000002,5.259933834659968,190.85962744715303,803.8804387181833,0.1049243099905143,27.448678543012832
33.1000000000002,6.121662159200355,190.58879841323125,803.2895394275648,0.06926983511531373,22.009208573200105
33.2000000000002,6.260020707567085,190.2667046942633,803.473274598166,0.09970938429107552,30.762636348402303
33.3000000000002,4.290000143965269,190.46514420096747,805.2448556550637,0.11949936315551044,41.26335624628056
33.400000000000205,3.376828917683846,190.47002771624105,806.1531433660716,0.09465333406664263,40.656247927574675
33.500000000000206,4.402401407663094,190.11610017347488,805.4814984188586,0.06292765280707328,31.22055536559716
33.60000000000021,2.9853488044273937,189.84540743890886,807.1692437566603,0.07394183678045116,33.71471951768009
33.70000000000021,3.7323176477249618,189.21833789412548,807.0493444581462,0.06920748383933538,31.50036738311842
33.80000000000021,2.2795663732244322,188.79234249838015,808.9280911283921,0.06671268268665766,29.22566430013536
33.90000000000021,2.596386840487701,187.90264637265153,809.5009667868575,0.05185682634128522,21.204982975974332
34.00000000000021,3.378129700753456,186.8962212124396,809.7256490868037,0.06612905184235769,22.342596463557946
34.100000000000215,4.238457375738869,186.0751082446514,809.6864343796065,0.05937404326282855,18.789385202324652
34.200000000000216,5.678372147077578,185.27915276910457,809.0424750838146,0.06376860772190385,17.874457995707292
34.30000000000022,4.769402433140304,184.74187212237698,810.4887254444793,0.05831850200103538,14.977218355070175
34.40000000000022,4.052046216066292,183.93461309598493,812.0133406879453,0.07376455560323207,16.862271687520803
34.50000000000022,4.299134117970828,183.08491653967593,812.6159493423497,0.09079688702465072,20.81118498874372
34.60000000000022,4.433545729284409,182.4350969690295,813.1313573016826,0.05055374259687523,13.44748403942358
34.70000000000022,5.766197428477047,181.48738647418372,812.7464160973357,0.05885091623856281,12.592956390712933
34.800000000000225,7.321359972052795,180.65929780943017,812.0193422185135,0.03714949431334953,6.58463371510402
34.900000000000226,6.241006531773213,179.66668203658938,814.0923114316339,0.048355754279473064,5.456628209507762
35.00000000000023,4.59100724201012,178.55976807085287,816.8492246871334,0.0878380066075146,8.308736636568435
35.10000000000023,4.746604196838398,177.4653717447851,817.7880240583729,0.06709967269925365,7.106164746113921
35.20000000000023,3.724122126064385,176.36318433163902,819.912693542293,0.06771369338931378,6.913769995799848
35.30000000000023,4.331779377742562,175.15573528444756,820.5124853378063,0.07588339735118663,7.537401014375966
35.40000000000023,4.894101168402142,174.02652585482332,821.079372976771,0.09528082163151153,9.708198973922377
35.500000000000234,6.721871261796356,173.02193179737938,820.2561969408207,0.09167087898416697,10.633639546599124
35.600000000000236,8.730411926960622,172.2449282239462,819.0246598490895,0.10930838128985454,13.982348905120304
35.70000000000024,11.887670715758683,171.91040998187026,816.2019193023676,0.08666942312815816,13.533712494203126
35.80000000000024,10.381160407588235,172.03936824288434,817.579471349524,0.05229130153627581,9.200860787641773
35.90000000000024,6.931118789362326,171.61805417938155,821.4508270312529,0.058978093960557726,8.571025433159452
36.00000000000024,7.0631867617521245,170.78104424468117,822.1557689935634,0.059786499494528564,7.736013670630757
36.10000000000024,7.703917975828872,169.89348890920522,822.4025931149627,0.0909476611064174,10.868292881252353
36.200000000000244,7.485214562580433,169.30771890850562,823.2070665289106,0.10271810357541414,13.556387481428413
36.300000000000246,7.364789481403354,168.88741065863502,823.7477998599583,0.05965244970169198,9.831070024481303
36.40000000000025,6.028590332442782,168.22907428128815,825.7423353862658,0.05424829160760433,7.947694499496734
36.50000000000025,7.95810592091737,167.2714853260074,824.7704087530719,0.06157128902766772,7.709593988608915
36.60000000000025,9.497958580356787,166.45660996418232,824.0454314554576,0.0770623475223226,8.972385099558256
36.70000000000025,11.20397289279373,165.86968648850137,822.9263406187015,0.06303311998245618,7.665039195842113
36.80000000000025,16.531932260349343,165.21257852559583,818.2554892140513,0.06825347464937742,7.756278011274007
36.900000000000254,21.6213108223498,164.9636426445687,813.4150465330779,0.06179713256973153,6.815000502038856
37.000000000000256,26.7305352550953,164.89808349905692,808.3713812458442,0.07385393111855514,7.52824315220579
37.10000000000026,27.677212885281985,165.4310191696259,806.8917679450885,0.08585851227823904,8.819088668056784
37.20000000000026,24.148076715509294,166.45324415000792,809.3986791344792,0.09162532005407056,10.132106075312187
37.30000000000026,23.56232014705775,167.3950738520132,809.0426060009254,0.1311298872272072,15.747860434122707
37.40000000000026,33.14013260474621,169.1895431773942,797.6703242178561,0.19763454584397339,28.143594348593698
37.50000000000026,25.90315946756858,175.9153053640057,798.1815351684222,0.09986071430930683,22.725550317161044
37.600000000000264,30.01974647516587,179.53736312298415,790.4428904018466,0.06538838315548565,17.629215694482465
37.700000000000266,28.874250834808326,182.84406269216004,788.2816864730283,0.06510718685302166,16.206779925088096
37.80000000000027,25.96741784435705,185.6493176086667,788.383264546973,0.09095971870282432,21.203307925714622
37.90000000000027,16.061633263510664,189.2437130735722,794.6946536629141,0.07076489915526879,18.2471528912605
38.00000000000027,13.339259113426747,190.41121692316372,796.2495239634064,0.05776098874510108,14.369315092357594
38.10000000000027,7.255736239537995,190.77958751161637,801.9646762488425,0.07317063461172144,15.970575794320858
38.20000000000027,5.664568952891085,190.34344917572477,803.9919818713809,0.1020589254387081,22.147940782631636
38.300000000000274,4.958893023480858,189.96568509124202,805.0754218852738,0.08559348991847732,21.674232102735807
38.400000000000276,3.19293869395538,189.46307482096051,807.3439864850809,0.08368994098795134,22.71198944357002
38.50000000000028,3.8479428815498222,188.60037689413696,807.5516802243101,0.1099736631846429,31.358437042960176
38.60000000000028,3.762274262999874,188.17049372529547,808.0672320117015,0.07401190213156167,26.132173347330923
38.70000000000028,4.603120527208168,187.53623731175188,807.8606421610368,0.10771658160211715,38.04158925818132
38.80000000000028,3.2412362954275302,187.57295601420034,809.1858076903691,0.06833779453296511,29.868704603570563
38.90000000000028,2.631887526674112,186.96835533036713,810.3997571429557,0.06486474129491761,27.118129119934405
39.000000000000284,3.163452329043419,186.12551389215437,810.7110337787991,0.05542072128762747,21.356636656216928
39.100000000000286,3.1010050907681115,185.26441960282796,811.634575306401,0.050655780408316115,16.13857156707528
39.20000000000029,3.659728944569291,184.23111577022064,812.1091552852071,0.058579387911687986,14.984327674204868
39.30000000000029,3.4972061439712983,183.26513079244626,813.2376630635795,0.06417505488508311,14.48436758334028
39.40000000000029,5.465606403577982,182.21577040064554,812.3186231957736,0.0699428940228872,14.732438484813208
39.50000000000029,4.137065388443824,181.5263221827277,814.3366124288257,0.05115819234115228,10.450150895101844
39.60000000000029,3.143426530444325,180.48729582500766,816.3692776445453,0.07093655881768691,12.087792694078177
39.700000000000294,3.5099129533508466,179.38032171133815,817.1097653353082,0.06606481322484414,11.111254929652777
39.800000000000296,3.821599867917628,178.2904223691557,817.8879777629239,0.07670237215901632,12.318063862591268
39.9000000000003,4.6326956795216585,177.27490635630136,818.0923979641743,0.057933249212888685,9.63652370921312
40.0000000000003,7.023955052046257,176.20124793300246,816.7747970149486,0.04635990973531755,6.577136632302219
40.1000000000003,10.159115435360862,175.1263607152535,814.714523849383,0.0507942137940117,5.398615475566112
40.2000000000003,10.561587606902759,174.20533760650048,815.2330747865943,0.0788836853605219,7.10640345531835
40.3000000000003,12.193434630341809,173.45688348997743,814.3496818796784,0.09463599189385923,8.880322365680449
40.400000000000304,16.739906933407422,172.95750520948823,810.3025878571019,0.12776848481409558,13.244174537585032
40.500000000000306,21.433329140969583,173.48779474409133,805.0788761149365,0.09318925444064073,12.576130526399352
40.60000000000031,20.264304215055553,174.59092812892615,805.1447676560158,0.0844314368360937,12.773393107298476
40.70000000000031,33.37935224330096,175.24137337352713,791.3792743831694,0.05680042393693723,9.377486414642872
40.80000000000031,36.17464707174416,176.6614321799831,787.1639207482701,0.0750645885223167,10.807225930829999
40.90000000000031,34.0113265162733,178.8935194282084,787.0951540555158,0.08761960128445323,12.608078917264464
41.00000000000031,25.14793257629439,181.59326860665072,793.2587988170524,0.07276797542178431,11.356833840579489
41.100000000000314,14.709358086139048,183.01619702387842,802.27444488998,0.052928689847890294,8.12295456081155
41.200000000000315,16.069674983413226,182.61196725975077,801.3183577568335,0.06756278875777061,8.696486824723376
41.30000000000032,13.593294862736755,182.49575488116432,803.9109502560965,0.08218444393881792,10.157665046315547
41.40000000000032,11.676531118347388,182.34780016018496,805.9756687214654,0.05567836250588018,7.40069059271163
41.50000000000032,6.957336897304079,181.79189438915446,811.250768713539,0.07069118619902058,8.160862218248392
41.60000000000032,6.087602713754941,180.86894743059796,813.0434498556446,0.06096907488724809,6.932529802276194
41.70000000000032,8.320340348281633,179.73834034155377,811.941319310162,0.055665224079985594,5.695067051352477
41.800000000000324,7.511191719241687,178.73769765683,813.7511106239258,0.08368728538904756,7.59900288936877
41.900000000000325,6.245383048680792,177.85180215696727,815.9028147943496,0.0644495029395858,6.381867399231708
42.00000000000033,7.812583157355859,176.740174432747,815.4472424098948,0.07078964742862603,6.62486339155993
42.10000000000033,8.536722293616338,175.77120092549671,815.6920767808847,0.05713990919185619,5.302357658484717
42.20000000000033,10.153177425939308,174.7249309089556,815.1218916651028,0.06855089681421274,5.645780913078351
42.30000000000033,6.835617849309651,173.9193877771673,819.2449943735206,0.056952153924636824,4.570579471101428
42.40000000000033,12.188050938373157,172.66631991096514,815.1456291506594,0.08832414523233856,6.426342522742757
42.500000000000334,10.397433978390389,172.04210359753952,817.5604624240677,0.0532677976196639,4.466069779433217
42.600000000000335,7.149199899552933,171.1500789473272,821.7007211531176,0.07668437622218177,5.5845164845532445
42.70000000000034,6.6735392755716925,170.14216671745112,823.1842940069749,0.056224510058363035,4.308963042665686
42.80000000000034,7.251446210170467,169.0082660863987,823.7402877034286,0.07015923314756951,4.781833227022367
42.90000000000034,8.199545557386731,167.9338289076707,823.8666255349406,0.051117755863529055,3.48071933202217
43.00000000000034,9.32436460008676,166.80187690794395,823.8737584919672,0.05481245213706435,3.075718685085348
43.10000000000034,10.529619870472288,165.67828163401626,823.7920984955094,0.05881456120671592,2.8728174797350023
43.200000000000344,13.849613724746542,164.53228347937045,821.618102795881,0.07470296504002992,3.3683681860213786
43.300000000000345,19.23875908677476,163.5106826738505,817.2505582393727,0.09171300628418504,4.2752204844591875
43.40000000000035,22.648750462361576,162.88563849421158,814.4656110434248,0.08107183287102146,4.318092547655273
43.50000000000035,32.81746118100123,162.26459744306663,804.9179413759299,0.07398890909114476,4.235774705799015
43.60000000000035,32.51358856572045,162.27657229191695,805.2098391423602,0.10102484380435864,5.863085446816104
43.70000000000035,25.26218030511844,162.9285120969731,811.8093075979061,0.08019504528887783,5.526281687329395
43.80000000000035,22.92051797041109,162.9800177819018,814.0994642476848,0.0770161735358164,5.622052458401497
43.900000000000354,18.60580350808569,162.9714947322459,818.4227017596659,0.055432481471247255,4.247285472189903
44.000000000000355,16.200853075463982,162.44577976130728,821.3533671632262,0.08435415689505539,5.774122501309749
44.10000000000036,13.778250827390188,162.06357039508586,824.1581787775212,0.0834841796415055,6.216936918321199
44.20000000000036,16.79466317048333,161.49086218537258,821.7144746441414,0.07462096366802128,6.056307989337149
44.30000000000036,18.08794771910452,161.11249620419756,820.7995560766952,0.08692046981698635,7.216656531486865
44.40000000000036,12.386985090923666,161.15959384320252,826.4534210658712,0.08593623764833144,7.8346222287575955
44.50000000000036,9.598977713800606,160.82674809204056,829.5742741941563,0.09603806190311137,9.518047558246625
44.600000000000364,8.057139294661889,160.41631334467186,831.5265473606638,0.08638512522817231,9.886863383758811
44.700000000000365,7.6933874467205925,159.87507467918869,832.4315378740885,0.09736478614692258,12.135604710241289
44.80000000000037,5.310578651452642,159.50846703080984,835.1809543177354,0.06880425219776035,10.22450264571785
44.90000000000037,5.46237631010905,158.72868006946047,835.8089436204283,0.06655266131414969,9.734038303716416
45.00000000000037,3.724804829749731,157.9835486258728,838.2916465443752,0.07277153807917609,10.315572758124846
45.10000000000037,3.324163528756424,157.081296766135,839.5945397051063,0.07066309098185099,10.183211259033435
45.20000000000037,3.404053003713307,156.13383157299123,840.4621154232932,0.06750755367432366,9.745985236548677
45.300000000000374,4.96155133241882,155.15636828221312,839.882080385366,0.060784764625630316,8.567863781859907
45.400000000000375,4.351421580977878,154.31518233689096,841.3333960821291,0.05722430604439467,7.387100744242619
45.50000000000038,4.29385933981188,153.3691586246094,842.3369820355766,0.05433915443019933,6.1836170759851585
45.60000000000038,5.897437489778458,152.340946644037,841.7616158661824,0.06171183278749313,6.10037129046661
45.70000000000038,6.885024666491947,151.42323926174552,841.6917360717604,0.04936310922259365,4.500784674998901
45.80000000000038,9.57411109826629,150.42725150590164,839.99863739583,0.051214874417993446,3.7539668388062037
45.90000000000038,9.371922385628539,149.54303894647452,841.085038667895,0.057547589474630935,3.540309164817752
46.000000000000384,10.554141467566104,148.61209043688288,840.8337680955492,0.06316013462583542,3.5293740088708367
46.100000000000385,9.691569886088178,147.76861345781762,842.5398166560924,0.05154833232076952,2.7414894521646276
46.20000000000039,9.762301000267042,146.8083046607209,843.4293943390102,0.06064601116241177,2.7639775165723446
46.30000000000039,8.156130014591795,145.89267782731045,845.9511921580959,0.06904740862875985,2.98178517347373
46.40000000000039,7.983265869891879,144.9319102429299,847.0848238871763,0.05517936253354261,2.431376648098817
46.50000000000039,8.03680342088878,143.9251328606681,848.0380637184412,0.05927520183549222,2.3421402562293796
46.60000000000039,10.552293633121023,142.87467646948332,846.5730298973937,0.07411523220063007,2.771081555727687
46.700000000000394,11.438470707626978,141.96712907166363,846.5944002207074,0.07285647669845924,2.883198588534236
46.800000000000395,13.520354036428863,141.08170723903353,845.3979387245356,0.08758889923063513,3.608427951043413
46.9000000000004,13.950956878086302,140.38967846288386,845.6593646590279,0.07455517526351216,3.524924987545764
47.0000000000004,23.053320351575437,139.54670612377873,837.3999735246438,0.06717450522106355,3.3559876245508886
47.1000000000004,24.497876918731176,139.12536483765396,836.3767582436128,0.08008679735053949,3.971763904058909
47.2000000000004,17.566148271747963,139.05427038294292,843.3795813453071,0.0886807248944364,4.722989548630687
47.3000000000004,13.915377642773723,138.78381805053172,847.3008043066926,0.07806879902378713,4.743368551837401
47.400000000000404,13.185691282421978,138.29852318528137,848.5157855322948,0.0900071761036474,5.811055314211953
47.500000000000405,13.756715486703403,137.89613275326528,848.3471517600294,0.09006942087302482,6.591753881834248
47.600000000000406,20.203541785504125,137.52467247121157,842.2717857432825,0.07941343088172333,6.6501121047714875
47.70000000000041,17.943570488198546,137.7277789713611,844.3286505404386,0.08183817424446817,7.311942748865717
47.80000000000041,15.600386925144036,137.89892848984337,846.5006845850108,0.07138347486854696,6.962288744123718
47.90000000000041,10.635146681029724,137.90200456377121,851.4628487551973,0.08013832145731925,7.929892671309452
48.00000000000041,7.107729679921963,137.64916837521267,855.2431019448636,0.10398718703471968,10.942047310019506
48.10000000000041,5.9435612997059275,137.29665280072953,856.7597858995626,0.0865157329451736,11.077489812415886
48.200000000000415,4.755459524015626,136.83659611771685,858.4079443582657,0.10531395095181313,14.795931759771785
48.300000000000416,5.490581222631977,136.39290132211156,858.1165174552547,0.12215254281489552,20.158692083294003
48.40000000000042,4.689149129513329,136.34243990662364,858.9684109638612,0.07883660875358611,17.461390916977194
48.50000000000042,6.459102759456163,135.9905549653818,857.5503422751602,0.0769274748609018,18.168297603597097
48.60000000000042,11.961763825411728,135.8922054366442,852.1460307379423,0.06915802708019717,17.250163440349876
48.70000000000042,14.774033943239836,136.63859084190318,848.587375214855,0.05754012680827522,14.254022033460988
48.80000000000042,11.39795505725146,137.54284887090762,851.0591960718389,0.04833819134819577,10.451572296238185
48.900000000000425,7.641358143361423,137.61940590621023,854.7392359504262,0.051831834946642126,8.862731872730471
49.000000000000426,6.1226647424890945,137.17647786921518,856.7008573882937,0.04970801306841002,7.014433574042776
49.10000000000043,4.090569780553781,136.50964021549032,859.3997900039539,0.06756398027773114,8.035251766147027
49.20000000000043,3.598192748309847,135.7290490367534,860.6727582149347,0.07052479080750694,8.325690174642542
49.30000000000043,4.107167014827031,134.9109887712216,860.9818442139492,0.06902994357678341,8.280936017054366
49.40000000000043,6.337197645437357,134.10789068261644,859.554911671944,0.04930328780340187,5.95187188064954
49.50000000000043,8.934465999357835,133.33359137168821,857.7319426289516,0.05819665920437417,5.8058200920131675
49.600000000000435,8.433531882949982,132.75427827334087,858.8121898437066,0.06606058051038868,6.0466798388402925
49.700000000000436,10.499140329529803,132.12807850709842,857.3727811633693,0.05935612844274459,5.337825901310067
49.80000000000044,9.67057922845779,131.60365347763337,858.7257672939064,0.0643857112483602,5.368744231653761
49.90000000000044,9.445322695949113,131.03405837839682,859.5206189256515,0.06233367723537898,5.044623594040378
50.00000000000044,26.026855108849453,130.14266091460058,843.8304839765475,0.07852707199134215,6.104921075279099
50.10000000000044,22.481443225109047,130.66420653951178,846.8543502353768,0.07426709935526998,6.16591291727792
50.20000000000044,25.095078510169195,130.88185344659564,844.0230680432328,0.09675013419897464,8.289628728264217
50.300000000000445,12.776362550228562,132.0010171520725,855.2226202976965,0.055287907802601795,5.877923579920244
50.400000000000446,13.008984583971367,131.64185251025762,855.3491629057685,0.09441683050877024,9.159043997777662
50.50000000000045,21.40291740065696,131.5617950535909,847.0352875457497,0.1032552462867847,11.442313477019903
50.60000000000045,17.53985938166359,132.85258761925272,849.6075529990813,0.07400386004745568,10.108672644045779
50.70000000000045,14.322381925502793,133.50069745796063,852.1769206165343,0.0663121810032496,9.37304346997618
50.80000000000045,18.174544383666085,133.62089446249885,848.2045611538326,0.0669119604631096,9.231253445564436
50.90000000000045,9.828784527870717,134.26616907653812,855.9050463955888,0.06641646375033212,8.96510752021691
51.000000000000455,10.559543065587537,134.0032324188835,855.4372245155266,0.05947615210716268,7.851362710392088
51.100000000000456,11.21788064037497,133.6944360184969,855.0876833411257,0.05134893190445835,6.157260454644168
51.20000000000046,8.176498017690845,133.3201348787086,858.5033671035982,0.06390908574139956,6.532698420043134
51.30000000000046,9.822310548641454,132.7200353240772,857.4576541272789,0.05785138523166264,5.683270583606172
51.40000000000046,9.737709114091995,132.1762260054453,858.0860648804603,0.08532146873011576,7.774282302640312
51.50000000000046,7.190252522250876,131.87074638447183,860.939001093275,0.06983811944353202,7.174353867376045
51.60000000000046,5.4417868456479885,131.32476341015317,863.2334497441965,0.07328687962497242,7.621257676608339
51.700000000000465,7.041455187596945,130.63210834072484,862.3264364716757,0.06421685267710077,6.963121601491825
51.800000000000466,6.774137974129018,130.04659677821078,863.1792652476578,0.05179725134677789,5.406719929695125
51.90000000000047,10.818775380527466,129.2718609851826,859.9093636342876,0.049103770589807465,4.284047779036201
52.00000000000047,21.734471029302842,128.4797242853329,849.7858046853619,0.04975157871839678,3.5175820771780915
52.10000000000047,18.362053002125283,128.22434057448336,853.4136064233891,0.08247429825447453,5.049884942456705
52.20000000000047,21.252765197713185,128.02363162991415,850.7236031723704,0.07162940029162519,4.865976765794609
52.30000000000047,21.942301793231515,127.96372724077212,850.0939709659941,0.1003692575310717,6.959222942474355
52.400000000000475,21.681737983493406,128.3865490796972,849.9317129368071,0.05379275378064389,4.807390346470926
52.500000000000476,14.383767890316511,128.46350420624586,857.1527279034353,0.04653904719570229,3.5103137111742955
52.60000000000048,20.8959505861014,127.7912031086901,851.3128463052062,0.06493609826703949,4.011768092984214
52.70000000000048,22.535501800001065,127.52969575695288,849.9348024430437,0.061311482816802536,3.6987884611909516
52.80000000000048,13.985933382279004,127.43491978456984,858.5791468331488,0.053128688594403006,3.0113873189848404
52.90000000000048,9.760211117455242,126.86762841816392,863.3721604643786,0.057625024609315,2.858533763464892
53.00000000000048,14.6233618523848,126.01753426741273,859.3591038802001,0.055756144694546116,2.5509800855738205
53.100000000000485,13.56094221720756,125.36281734627123,861.0762404365188,0.044151545150153966,1.7936891857460322
53.200000000000486,12.741935895295793,124.58060492549689,862.6774591792049,0.05259345905176809,1.6852236004457166
53.30000000000049,15.530831162307761,123.71908491088698,860.750083926803,0.048819599710582105,1.3792044250077504
53.40000000000049,24.379183799573976,122.76729291295271,852.853523287471,0.05576248048678348,1.3545851503181265
53.50000000000049,17.643790642084323,122.18890085614602,860.1673085017674,0.06925294308178026,1.5805716294897258
53.60000000000049,12.706817995904462,121.53464767542965,865.7585343286636,0.04319640423487543,1.0694649131169824
53.70000000000049,10.360345345714865,120.70037523207989,868.9392794222028,0.052214407762844146,1.0419998325925686
53.800000000000495,7.820803260950036,119.84779909223145,872.331397646816,0.07257233907151327,1.3502862372499858
53.900000000000496,5.66315694235483,118.9946999541622,875.3421431034805,0.06349748404090468,1.314584412384461
54.0000000000005,4.866705660157105,118.09618843764405,877.0371059021963,0.06852038333944985,1.4567558838990002
54.1000000000005,6.771199619848755,117.16160779329184,876.0671925868569,0.09215714031306659,2.0631182532060546
54.2000000000005,9.705739344901342,116.29057136497964,874.0036892901165,0.04828969936993219,1.433945816958872
54.3000000000005,10.29935594314027,115.45851621562318,874.242127841234,0.06379358488363565,1.650388356024568
54.4000000000005,12.66807700366352,114.63905982937591,872.6928631669581,0.089292962722339,2.335703615676323
54.500000000000504,12.00213919271237,113.99774710165464,874.0001137056305,0.08523969990970635,2.629272990270512
54.600000000000506,21.018357111664276,113.24047157332,865.7411713150133,0.0790252666829628,2.8157330057856673
54.70000000000051,23.54373166847828,112.8551870942168,863.6010812373024,0.06772524161963173,2.689288375616411
54.80000000000051,26.443506866118963,112.50766997702146,861.0488231568571,0.05878212675984535,2.388772750340648
54.90000000000051,22.89747959020577,112.2553059572245,864.8472144525673,0.06154335231986642,2.357468698279865
55.00000000000051,21.973284260104744,111.8767451666846,866.1499705732082,0.05602075919200261,2.081396731531767
55.10000000000051,23.608525145405967,111.38323564436689,865.0082392102247,0.06856504960597821,2.3681801179823587
55.200000000000514,23.982928828316872,111.01293529734268,865.0041358743381,0.062462563435642736,2.2351785301947156
55.300000000000516,20.73762412811839,110.67444415377265,868.5879317181067,0.07415186438188083,2.6105397902262686
55.40000000000052,14.924115404450715,110.3799872841599,874.695897311387,0.07560568041500983,2.855488743729599
55.50000000000052,16.32450555748103,109.87281465235293,873.8026797901636,0.06342994787243937,2.626511176778866
55.60000000000052,10.211625805715494,109.47645724155471,880.3119169527274,0.061603406411263384,2.5272379700415524
55.70000000000052,12.151665886210363,108.80339972847625,879.0449343853111,0.057982539358351584,2.327999891279515
55.80000000000052,9.247217915443965,108.22672523535415,882.5260568491996,0.04899476549932841,1.8472658592663482
55.900000000000524,13.045278542746967,107.4511494912465,879.5035719660042,0.05129644606492343,1.6508430005946741
56.000000000000526,19.88745890837522,106.68489068697166,873.4276504046506,0.0751140904616705,2.1936298782361825
56.10000000000053,19.840515359753,106.23952140587694,873.9199632343676,0.09190866860191067,2.8949965291890485
56.20000000000053,23.403504631985328,105.88533795523499,870.7111574127772,0.08985519783637698,3.3416855358622204
56.30000000000053,19.698135915106146,105.83516600996887,874.4666980749226,0.08170829777573207,3.5608862841668216
56.40000000000053,12.640697753914292,105.74993864561148,881.6093636004721,0.08255295095774536,4.010777265973894
56.50000000000053,17.33850722633529,105.31834932162255,877.3431434520401,0.07842376567340557,4.290584945452352
56.600000000000534,12.914837566874663,105.24208492948678,881.8430775036364,0.07677712610150184,4.593429967415912
56.700000000000536,14.79699680708726,104.93628929550611,880.2667138974045,0.05011797857275792,3.3416249177093036
56.80000000000054,23.638194921241553,104.44235788197835,871.9194471967782,0.07605327355592481,4.455956483917458
56.90000000000054,24.677043058774732,104.5999955894397,870.7229613517839,0.06936918431425079,4.379806155961967
57.00000000000054,26.202333834053174,104.77599049592364,869.0216756700215,0.055472937330484674,3.602979666550455
57.10000000000054,24.120595001879813,104.86717234925733,871.0122326488611,0.05973882762376555,3.5017474933191486
57.20000000000054,36.33888140403403,104.66889460135336,858.9922239946108,0.058072423121169406,3.2124955401164765
57.300000000000544,45.22702834811187,104.8315942222507,849.9413774296355,0.05676517261470156,2.8922598919997613
57.400000000000546,45.23700814865099,105.25376890147186,849.5092229498752,0.07437327682524378,3.4883018966669934
57.50000000000055,39.10643778249185,106.01852792045938,854.8750342970467,0.07752534672737689,3.8252265203744935
57.60000000000055,33.0157284088217,106.6938452001031,860.2904263910731,0.08523518023631185,4.502660616717198
57.70000000000055,30.076975102618132,107.30717346869426,862.6158514286853,0.09205556146624093,5.419877707469118
57.80000000000055,32.4720752101547,107.97494138895412,859.5529834008889,0.05564859775868516,4.014309640452472
57.90000000000055,26.378466129766252,108.44364972212148,865.1778841481101,0.05385619102118601,3.4505681997019293
58.000000000000554,20.38401608835838,108.5265814213751,871.0894024902644,0.06326802479982464,3.6074431586014812
58.100000000000556,18.573004034054318,108.38070233862202,873.0462936273217,0.04823663098609727,2.6775712220203625
58.20000000000056,22.419822439036917,107.92486956032806,869.6553080006331,0.057194983386012074,2.657765635439879
58.30000000000056,19.551545273338906,107.66313280573415,872.785321920925,0.042691951379722974,1.803938795685124
58.40000000000056,23.352017001066447,107.07196734327093,869.5760156556607,0.047808584831902576,1.5451380886354242
58.50000000000056,17.12834714440886,106.63197549738285,876.2396773582063,0.06264876994978832,1.7389452235144867
58.60000000000056,13.594602763673947,106.096369705083,880.3090275312411,0.061624052360247615,1.7171769868590006
58.700000000000564,9.93587881089931,105.50212144475415,884.5619997443446,0.08672354448424163,2.4072049477183186
58.800000000000566,10.104730104644627,104.86908635741216,885.0261835379414,0.08825444056634477,2.8490584884607717
58.90000000000057,8.644830700845375,104.311610899593,887.0435583995599,0.07555514836811189,2.894098390992673
59.00000000000057,11.616965824853247,103.66315111416826,884.7198830609767,0.05213144329099342,2.2388998705097873
59.10000000000057,13.457031548633854,103.04270182492142,883.5002666264428,0.057130491324640924,2.1842469233882706
59.20000000000057,11.137734589167255,102.51516167677671,886.3471037340541,0.042697595346361354,1.5172471503678409
59.30000000000057,13.34207514720206,101.80816043446762,884.8497644183284,0.07397256222168319,2.186168983313022
59.400000000000574,15.014775720979557,101.23812002848854,883.7471042505299,0.07852982555231527,2.52124604976733
59.500000000000576,26.309919208288008,100.63603208236107,873.0540487093489,0.07473600511823668,2.683348274829988
59.60000000000058,15.078202024240126,100.6490028782,884.272795097558,0.05089605254131216,2.0240066246090977
59.70000000000058,15.867067485753513,100.11216490380917,884.0207676104354,0.06661487762858825,2.362242211521338
59.80000000000058,13.874528676273691,99.68479598678296,886.4406753369415,0.06482933953926781,2.3678999179202145
59.90000000000058,13.97858411139767,99.18874399127549,886.8326718973251,0.05818565176388086,2.1615219315047525
60.00000000000058,11.65238115049851,98.70052236058186,889.6470964889178,0.08320909030641156,2.9785090489433226
60.100000000000584,16.89816639245669,98.16874001593162,884.9330935916098,0.07663950600719124,3.149820746359126
60.200000000000585,10.346855214391411,97.96851192452527,891.6846328610815,0.05801257613064679,2.6613368380239253
60.30000000000059,7.57012071117569,97.46960385343084,894.9602754353917,0.06966834982545268,3.049657263289287
60.40000000000059,6.985789417531089,96.90556985057212,896.1086407318951,0.05717629221449117,2.6523644412489014
60.50000000000059,7.112650022509616,96.29142474824536,896.5959252292433,0.05316901420845932,2.318867049472985
60.60000000000059,7.283575483748738,95.66078926157974,897.0556352546698,0.04512182645367005,1.7538595042179863
60.70000000000059,4.8805041289326505,95.02731414749479,900.0921817235708,0.06515221732773784,2.139329591175593
60.800000000000594,4.688456892027357,94.3513801196298,900.9601629883412,0.06587764310542309,2.229920523575993
60.900000000000595,5.557460455949722,93.66914601327292,900.7733935307757,0.08248322522596309,2.8759990506496407
61.0000000000006,6.315307290833861,93.05103375280089,900.6336589563635,0.04460794632419962,1.9148128576302799
61.1000000000006,10.803947917107987,92.35281129653362,896.8432407863567,0.05899091339194882,2.0979666349188872
61.2000000000006,13.597451711222742,91.78592153672469,894.6166267520508,0.08858077545495766,3.076840856958587
61.3000000000006,15.131349997815846,91.43000879163557,893.4386412105467,0.13263975090680113,5.205514621715474
61.4000000000006,12.31320210306181,91.48901410408942,896.197783792847,0.060547983235260186,3.7476236483386023
61.500000000000604,20.831622686113477,91.09714819907238,888.0712291148122,0.09638833377997028,5.814765076037741
61.600000000000605,15.216985488212092,91.59626231898513,893.1867521928008,0.08009681094545967,5.86318348460251
61.70000000000061,18.164922033169823,91.68504227364478,890.1500356931833,0.07210204472081887,5.876561061263207
61.80000000000061,19.545080914963854,91.95883557959091,888.4960835054432,0.07094454285846667,6.077101676156259
61.90000000000061,11.456817123111977,92.45412919902017,896.0890536778656,0.04972231789897465,4.484784200763644
62.00000000000061,9.208040167482586,92.2284685881203,898.5634912443948,0.04597858485820905,3.4473106685683232
62.10000000000061,7.452419474518634,91.80610980363713,900.7414707218418,0.05622612940375391,3.459328086186042
62.200000000000614,7.273510198522228,91.31142425262311,901.4150655488522,0.051585945932140456,2.929714974269996
62.300000000000615,9.506998839921687,90.74826220573189,899.7447389543439,0.05740518069376717,2.8902777749412345
62.40000000000062,6.754392872874645,90.3066051555041,902.9390019716188,0.06553286103966766,3.131659999853485
62.50000000000062,6.656069796872278,89.77760883183913,903.5663213712862,0.07433112272245306,3.6210759317172303
62.60000000000062,4.707641639700976,89.30397050503396,905.9883878552628,0.06394666711711873,3.4119363138808523
62.70000000000062,5.706250752119281,88.72224300135925,905.5715062465192,0.07324099832926682,3.931568438947825
62.80000000000062,4.565844816914682,88.23292238285056,907.2012328002326,0.06537442434724383,3.801118137905988
62.900000000000624,6.5535528383904715,87.66355202456356,905.7828951370439,0.06742828777757377,3.9864110753118767
63.000000000000625,9.762032821609436,87.1719564222785,903.0660107561099,0.05177205601208014,3.182405104243856
63.10000000000063,11.86306462005867,86.74229953844197,901.3946358414972,0.053390923790608,2.89357021936035
63.20000000000063,13.420559902770766,86.35370420001844,900.2257358972087,0.06427785225461549,3.176558124749073
63.30000000000063,13.314229188528468,86.06862658376895,900.6171442277004,0.05086223691397062,2.540989346481014
63.40000000000063,13.554572216691959,85.69442765578134,900.7510001275245,0.058939294927583825,2.6051693507252955
63.50000000000063,14.607530692784502,85.32983926795332,900.06263003926,0.05040831531502073,2.1420039649702756
63.600000000000634,9.101770822003758,84.99693154206237,905.9012976359317,0.047789744412520097,1.7641699304121128
63.700000000000635,10.605137386582697,84.44114352456366,904.9537190888515,0.050006125894185495,1.5774184185033555
63.80000000000064,12.674792002455899,83.89069036264092,903.4345176349011,0.054361758523233286,1.5293827222454066
63.90000000000064,13.37310071755353,83.38596267653098,903.2409366059134,0.052060771078993755,1.3767429254012071
64.00000000000064,15.182422345815183,82.86413777274323,901.9534398814395,0.06696724958308602,1.6479485843209662
64.10000000000063,23.42170938401118,82.34776044132495,894.2305301746617,0.05969229953528955,1.5684431934063288
64.20000000000063,32.3715602592693,81.94536128220584,885.6830784585226,0.07441144777123376,1.9396398868191296
64.30000000000062,36.41127177413209,81.85733869333636,881.7313895325292,0.0637840996575675,1.849638006602314
64.40000000000062,45.36508379531623,81.76344580608226,872.8714703985992,0.07483777953162044,2.196486281919357
64.50000000000061,48.7685776078765,82.04821247816598,869.1832099139554,0.09069386888211473,2.866823147554313
64.6000000000006,47.452777930918664,82.77348937232051,869.7737326967589,0.057694036978661545,2.2602593843690317
64.7000000000006,25.839795178741333,83.38332490775869,890.7768799134982,0.0558368517114617,2.047444141074758
64.8000000000006,27.52961276152946,83.20621513574002,889.2641721027288,0.0744791435359012,2.5812794937495607
64.90000000000059,48.98710955429985,83.00241753874361,868.0104729069548,0.058065390836861484,2.229777168896927
65.00000000000058,68.04788282375397,83.19881312103773,848.7533040552065,0.08131166318119938,2.9706841664421755
65.10000000000058,64.18668924852578,84.5537770980244,851.259533653448,0.07382327641199146,2.9973720280199783
65.20000000000057,65.18322163937879,85.7452554705242,849.0715228900951,0.07260991705479111,3.1140417497099864
65.30000000000057,50.03468087047186,87.20981851167117,862.7555006178551,0.049905972129426074,2.2681699063709173
65.40000000000056,62.10424496462386,87.47897429212077,850.4167807432536,0.05643219265969716,2.1847407607989426
65.50000000000055,61.163668753968345,88.11590146744783,850.720429778582,0.0882557836866612,3.1878752242857176
65.60000000000055,56.29433579851536,89.37012339754303,854.3355408039398,0.08826894488408268,3.6397611108351766
65.70000000000054,60.065236440067395,90.60337460266739,849.3313889572634,0.07136281792359526,3.4237853058950662
65.80000000000054,61.53805769525498,91.85940194031788,846.6025403644252,0.07049960013677688,3.4923055102443468
65.90000000000053,47.89357576761919,93.37635989208424,858.7300643402946,0.06156552084380821,3.129368862521899
66.00000000000053,42.93800371323081,94.1420347316982,862.919961555069,0.07858829145587919,3.849550922411819
66.10000000000052,45.976572130512444,94.95064528070425,859.0727825887814,0.07910285166900952,4.211139655500838
66.20000000000051,49.176798336328645,96.02195313608664,854.8012485275827,0.06418073746454038,3.7596407511179204
66.30000000000051,40.63549387795314,97.14782105787144,862.2166850641734,0.08185211574076288,4.688431213358319
66.4000000000005,41.584031913352,98.19373226200197,860.222235824644,0.0915521168019972,5.73718411121221
66.5000000000005,32.9163561910896,99.80749704962635,867.276146759282,0.06751579064150223,5.018476192853062
66.60000000000049,38.52534274930005,100.52109549371112,860.9535617569868,0.07340775402944634,5.477390445452331
66.70000000000049,29.15804245323256,101.86116500751709,868.9807925392482,0.04881905191709925,3.8591402270910193
66.80000000000048,43.35437116985561,101.93715285403175,854.7084759761107,0.05338927373742405,3.4782465582205084
66.90000000000047,29.348811277082287,102.75903278517876,867.8921559377371,0.05865726587923203,3.336226835887838
67.00000000000047,33.475968450548365,102.82019436410933,863.7038371853407,0.05969427201817171,3.170647580664862
67.10000000000046,21.709605633422708,103.17167988229305,875.1187144842826,0.05460576927302001,2.722960593827061
67.20000000000046,16.49412021812695,102.97368387164275,880.5321959102286,0.05038108166774811,2.2461907037333186
67.30000000000045,21.412608678636783,102.4277802579258,876.1596110634357,0.04922486254408868,1.8781562558869629
67.40000000000045,14.867506482925538,102.06703681015485,883.065456706918,0.09239505004739193,3.1548687960904025
67.50000000000044,14.748938456955427,101.69393737872208,883.5571241643207,0.050977676666303366,2.2432222761065757
67.60000000000043,27.122355081818526,101.02469858656319,871.8529463316165,0.06608709699069801,2.582806186980568
67.70000000000043,30.18063106253745,100.84598197654994,868.9733869609108,0.0880899350229574,3.4781622666520646
67.80000000000042,20.878497086949274,101.16935372708201,877.952149185967,0.08825242868549009,4.002381705454218
67.90000000000042,14.393141938846263,101.24239522337734,884.3644628377746,0.07852559357073258,4.145771019320271
68.00000000000041,16.920731876546032,100.96633753601067,882.1129305874415,0.055314715527556124,3.292822289729803
68.1000000000004,10.94534202888649,100.76080026729191,888.2938577038199,0.05552118719608978,2.997358643695868
68.2000000000004,10.295148334834064,100.26502793210189,889.4398237330623,0.06608619154078736,3.299010205801529
68.3000000000004,11.760262426302045,99.75907362735784,888.4806639463384,0.08200192956997565,4.1491692298389635
68.40000000000039,23.046874804793784,99.28061501329185,877.6725101819127,0.06773042132718583,3.9061216738945896
68.50000000000038,30.017829562983987,99.2598405723842,870.7223298646302,0.0685972556096711,4.026651606132638
68.60000000000038,27.989692825191057,99.65282624766259,872.3574809271447,0.06825337600314664,4.08651003585784
68.70000000000037,36.50925465822146,99.84434389416892,863.646401447608,0.05137470242479096,3.1455269763627216
68.80000000000037,34.86697511778779,100.17137554630902,864.9616493359015,0.05343307095145684,2.788654084847171
68.90000000000036,27.2854176794736,100.40181532716556,872.3127669933591,0.05828558788695336,2.6927517070518046
69.00000000000036,28.95884804388076,100.27888827509283,870.7622636810246,0.06725496062782756,2.93319925772008
69.10000000000035,32.56249740299658,100.24486129338023,867.1926413036214,0.06564122395156706,2.916060634259751
69.20000000000034,43.891584256677724,100.20894950961757,855.8994662337029,0.04992382490036308,2.2268731063637817
69.30000000000034,43.452525733405615,100.35554342440332,856.1919308421893,0.06434865589018479,2.470195610575666
69.40000000000033,33.237096604841135,100.72297862382875,866.0399247713283,0.07762031742235942,2.951750021749234
69.50000000000033,33.37742377259105,100.86015276335816,865.762423464049,0.054926858199859804,2.3376936243619584
69.60000000000032,37.56283853596512,100.74637127861833,861.6907901854148,0.07968624763620918,3.1294780540662943
69.70000000000032,39.50163993289422,101.04981174526864,859.4485483218353,0.11573254251170215,4.894485064882676
69.80000000000031,27.218230316120028,102.26486246625994,870.5169072176182,0.09033370473713043,4.956444364567519
69.9000000000003,32.87975250489419,102.6659796409446,864.4542678541593,0.07720192441414565,4.955883809147946
70.0,30.85613724656384,103.43419965690588,865.7096630965285,0.04638083319300362,3.3007296561499677
