t,Sp,Lp,Ip,Sv,Iv,Bp,Bv,uL,uI,uV
0,650,250,100,3000,2000,0,0,0.2,0.075,1
0.14,657.538,243.058,99.4038,1176.57,785.079,0.0315404,0.704189,0,0.075,0
0.28,642.644,246.729,110.626,1243.6,830.083,-0.120613,0.603851,0.1,0,0
0.42,614.216,249.998,135.786,1270.39,848.286,-0.443227,0.55781,0.1,0.3,1
0.56,669.048,238.213,92.7393,1037.57,693.222,0.0381686,0.611084,0.4,0.225,1
0.7,715.469,217.933,66.598,979.368,654.562,0.454466,0.469485,0,0,0
0.84,673.146,230.235,96.6184,535.074,357.769,-0.134948,1.15213,0.1,0.075,0.25
0.98,726.167,216.499,57.3344,309.115,206.806,0.494372,1.73308,0,0.225,0.75
1.12,730.056,216.202,53.7421,66.1083,44.2694,0.590837,2.7648,0,0,0.25
1.26,658.842,239.643,101.515,66.4315,44.4939,-0.581657,2.6926,0,0.15,0
1.4,687.164,234.019,78.817,87.6851,58.7444,-0.235469,2.19092,0,0.075,0
1.54,682.703,235.583,81.7149,100.453,67.3138,-0.261161,1.9561,0,0,1
1.68,693.705,232.925,73.3694,63.933,42.8608,-0.0674868,2.28707,0,0.3,1
1.82,674.107,239.336,86.5571,50.5863,33.9238,-0.343654,2.38148,0,0,0
1.96,719.763,228.108,52.129,37.4266,25.1086,0.293262,2.76981,0.1,0.3,1
2.1,708.238,230.797,60.9646,33.4102,22.4183,0.0591503,2.71014,0.4,0,0.5
2.24,710.287,221.382,68.3301,31.9281,21.4282,-0.0583746,2.66168,0,0.075,1
2.38,705.339,223.322,71.3397,26.2984,17.6546,-0.0895301,2.70838,0.1,0.15,0.75
2.52,664.135,233.014,102.851,23.0892,15.5042,-0.706621,2.72636,0.1,0.225,0.5
2.66,644.118,235.67,120.212,27.3458,18.3677,-0.977009,2.32886,0.4,0.3,1
2.8,738.746,208.198,53.0557,28.542,19.1784,-0.137363,2.03872,0,0.3,0.25
2.94,780.879,195.926,23.1947,26.0421,17.5017,0.628604,2.11086,0,0,0.75
3.08,784.322,194.206,21.4724,12.6467,8.50028,0.837409,2.73052,0,0.225,0.75
3.22,793.97,189.512,16.5179,11.0529,7.42916,1.21421,2.76003,0,0,1
3.36,792.979,189.881,17.1399,11.2743,7.57799,1.31771,2.5134,0.2,0.3,1
3.5,791.918,188.434,19.6485,9.43375,6.34084,1.22423,2.54756,0,0.225,0
3.64,797.712,185.66,16.6288,11.1549,7.49767,1.50652,2.26857,0,0.075,0.25
3.78,798.171,185.372,16.4565,7.31353,4.9157,1.6529,2.74151,0,0.225,0.25
3.92,806.368,180.837,12.7949,5.06502,3.40422,2.04223,3.16392,0.3,0.3,0
4.06,793.271,186.283,20.4462,2.50647,1.6843,1.42515,3.95091,0.1,0.075,0.75
4.2,779.85,192.213,27.9369,2.88626,1.93919,1.06559,3.59607,0,0.075,0.25
4.34,767.361,198.241,34.3985,2.9807,2.00239,0.844338,3.52392,0,0,0.75
4.48,767.188,198.641,34.1708,3.0107,2.02235,0.930793,3.37777,0,0.3,0.5
4.62,743.327,209.328,47.3448,3.26636,2.1939,0.446785,3.17007,0.1,0,1
4.76,775.286,196.73,27.9842,2.98133,2.0024,1.06318,3.11566,0.1,0.225,1
4.9,790.271,188.966,20.763,3.27109,2.19679,1.45239,2.78227,0,0,0.75
5.04,782.18,193.215,24.6052,3.14038,2.10876,1.33631,2.70899,0,0.225,0.25
5.18,737.865,215.163,46.9717,2.42956,1.63122,0.227258,3.03045,0.1,0.225,0
5.32,728.41,217.336,54.254,2.66968,1.79231,0.0359743,2.91894,0.1,0,0.5
5.46,717.804,219.019,63.1767,2.1139,1.41912,-0.13557,3.16605,0.1,0.225,0
5.6,696.17,224.136,79.6945,2.42902,1.63059,-0.498284,2.98541,0.3,0.15,0.25
5.74,713.241,213.586,73.1726,1.98379,1.33177,-0.369298,3.25274,0,0,0.75
5.88,685.605,221.27,93.1257,1.13847,0.764235,-0.71379,3.79695,0,0,0
6.02,703.587,217.759,78.6535,1.38714,0.931025,-0.450341,3.56211,0,0.225,0.5
6.16,716.11,215.746,68.1437,0.961897,0.645484,-0.264149,4.0046,0,0.225,0.5
6.3,735.19,211.56,53.2504,1.11972,0.751176,0.0443807,3.76658,0.4,0.3,0.5
6.44,791.474,186.529,21.9967,1.34852,0.90446,0.847836,3.44799,0.1,0.225,0.25
6.58,790.596,186.16,23.2443,1.36709,0.916641,0.847099,3.4558,0,0,1
6.72,805.199,179.216,15.5853,0.781911,0.524028,1.37333,3.97871,0,0,1
6.86,817.427,172.068,10.5049,0.769411,0.515384,1.93153,3.94037,0.4,0.225,0.75
7,827.708,161.897,10.3941,0.593579,0.397356,2.1163,4.28424,0,0.225,0
7.14,832.712,158.709,8.57832,0.90086,0.60284,2.48864,3.69462,0.3,0.075,0.5
7.28,852.191,143.01,4.7982,0.980038,0.655631,3.2438,3.5826,0.1,0.225,0.75
7.42,852.978,141.583,5.43858,1.0634,0.711215,3.41741,3.40973,0.1,0,1
7.56,846.466,145.664,7.86973,0.985398,0.65888,3.21025,3.41576,0,0.15,0.5
7.7,845.384,146.416,8.19976,0.987544,0.660167,3.36528,3.4229,0,0.225,0.25
7.84,836.68,152.437,10.8831,0.783082,0.523351,3.15914,3.80419,0,0.075,0.25
7.98,841.141,149.799,9.05917,0.952924,0.636741,3.52438,3.56956,0.2,0.3,0.5
8.12,850.513,142.369,7.11708,1.02922,0.687615,3.93788,3.46172,0,0,0
8.26,847.581,144.297,8.12219,1.34311,0.897219,4.01789,3.10638,0.2,0,0
8.4,836.905,150.211,12.8844,1.33804,0.893744,3.54014,3.19516,0,0,0
8.54,840.564,148.386,11.0495,1.37697,0.919678,3.85784,3.2339,0,0.3,0
8.68,837.06,151.012,11.9283,1.39665,0.932756,3.87954,3.29261,0,0.15,1
8.82,826.301,157.848,15.8511,1.05644,0.705481,3.61628,3.53074,0,0.15,0
8.96,822.589,160.415,16.9963,0.822853,0.549441,3.62838,3.97873,0.1,0.15,0
9.1,834.865,153.43,11.7041,0.906549,0.605271,4.10456,3.96638,0,0.15,1
9.24,827.63,158.135,14.2344,0.965519,0.644584,3.98252,3.78116,0,0.225,0
9.38,816.104,165.214,18.6819,1.31178,0.8757,3.70362,3.35181,0.4,0.225,0.25
9.52,815.732,161.6,22.6683,1.64783,1.10002,3.51386,2.99063,0,0.225,0.75
9.66,815.398,162.746,21.8559,1.417,0.945939,3.61012,3.10965,0,0.3,0.75
9.8,807.518,167.492,24.9901,1.87579,1.25221,3.47567,2.53021,0,0,0
9.94,806.225,168.707,25.0683,2.31022,1.54225,3.55797,2.23086,0.4,0.3,1
10.08,803.933,165.579,30.4875,2.35666,1.57332,3.32146,2.0282,0,0,1
10.22,790.975,171.55,37.4752,3.03574,2.02676,3.10355,1.41347,0,0.075,0
10.36,794.018,171.54,34.4415,4.80665,3.20926,3.253,0.548551,0.2,0.3,1
10.5,789.761,171.514,38.725,3.52844,2.35614,3.10621,0.755457,0,0.075,0.25
10.64,796.089,170.42,33.491,3.45356,2.30636,3.32317,0.757872,0.2,0.15,0
10.78,806.342,164.696,28.9616,3.33088,2.22461,3.53398,0.836674,0,0.15,0.75
10.92,798.092,169.122,32.7865,2.50154,1.67084,3.41537,1.08315,0,0.075,0.5
11.06,781.947,176.274,41.7795,1.57713,1.05349,3.12193,1.58093,0,0,1
11.2,799.247,171.393,29.3595,1.00266,0.669797,3.56102,1.99344,0.1,0.15,1
11.34,797.331,171.736,30.9328,1.09577,0.731956,3.54247,1.75192,0,0,0
11.48,795.775,173.114,31.1116,0.826594,0.552118,3.60717,2.23313,0.4,0,0
11.62,827.445,155.375,17.1794,1.1445,0.764411,4.24749,1.78634,0,0.075,0.5
11.76,816.061,161.888,22.0505,1.27126,0.849022,4.00295,1.60881,0.1,0.225,0.75
11.9,812.884,163.121,23.9949,2.3625,1.57778,3.94853,0.220138,0,0,0.5
12.04,798.943,170.061,30.9958,1.26055,0.841883,3.67315,0.869526,0,0.15,0.5
12.18,785.59,176.4,38.0099,1.85385,1.23812,3.43175,0.129808,0,0,0
12.32,759.407,186.583,54.0105,2.93366,1.95935,2.95171,-0.706708,0,0,0
12.46,754.226,188.988,56.7863,2.52108,1.68406,2.92976,-0.460183,0.1,0.3,1
12.6,756.794,187.917,55.2886,2.86855,1.91639,2.95374,-0.848054,0.1,0.15,0.5
12.74,739.054,192.386,68.5596,3.46378,2.31429,2.65133,-1.24162,0,0.075,0.25
12.88,744.579,192.085,63.3357,3.53769,2.36411,2.77938,-1.30384,0.1,0.075,0.25
13.02,751.959,189.199,58.8418,2.40747,1.60922,2.9026,-0.844293,0,0.3,1
13.16,761.765,188.054,50.1804,2.43221,1.62594,3.08724,-1.0342,0.2,0.3,0.5
13.3,746.456,190.622,62.9219,1.52042,1.01653,2.74544,-0.526797,0,0.225,0.25
13.44,736.295,194.75,68.9548,0.820953,0.54894,2.61432,0.19657,0.1,0,0.75
13.58,685.92,206.289,107.791,0.914791,0.611651,1.881,0.00418459,0.2,0.075,0
13.72,633.861,212.249,153.89,0.718002,0.480139,1.26374,0.461676,0.4,0.3,1
13.86,634.107,203.524,162.369,0.569987,0.381245,1.12996,0.729253,0.1,0.3,0.25
14,676.332,197.172,126.496,0.54186,0.362464,1.4335,0.963968,0.1,0.3,0.75
14.14,695.583,193.58,110.836,0.48181,0.322265,1.5779,1.19742,0,0.225,0.5
14.28,692.4,195.732,111.868,0.453151,0.303037,1.54327,1.43548,0.1,0,0
14.42,712.825,190.891,96.2842,0.507098,0.339057,1.77107,1.52404,0.2,0.225,1
14.56,729.354,185.023,85.6235,0.45182,0.302047,1.91074,1.71741,0,0.15,1
14.7,733.135,185.743,81.1214,0.541966,0.362246,1.9839,1.46885,0.1,0.3,0.5
14.84,733.345,185.487,81.1682,0.375952,0.251241,1.95646,2.05574,0,0.3,0.25
14.98,714.886,191.281,93.8322,0.494902,0.330669,1.71501,1.8465,0.2,0.075,0.5
15.12,705.14,190.103,104.757,0.592629,0.395949,1.56404,1.68357,0,0.15,0.25
15.26,686.012,194.965,119.024,0.688837,0.460251,1.36432,1.58522,0,0.225,1
15.4,738.82,187.901,73.279,0.731751,0.48899,1.90669,1.44889,0,0.3,0
15.54,752.302,186.482,61.2165,0.983285,0.657069,2.10906,1.08483,0,0.225,0
15.68,725.821,195.031,79.1484,1.35496,0.905443,1.71483,0.623269,0,0,0.25
15.82,732.116,194.509,73.3743,1.45252,0.970755,1.85031,0.541215,0,0.225,0.5
15.96,723.918,197.932,78.1502,1.4572,0.973994,1.75359,0.504579,0,0,1
16.1,694.79,205.551,99.6587,1.86804,1.24872,1.40499,-0.0670007,0,0,0.25
16.24,704.145,204.466,91.3894,0.765839,0.512221,1.55496,0.839813,0,0.3,1
16.38,696.205,207.723,96.0723,1.00604,0.672855,1.45297,0.299393,0,0,0.75
16.52,694.124,208.87,97.0068,1.32724,0.88773,1.46975,-0.236179,0,0,0
16.66,685.274,211.381,103.346,1.07046,0.716097,1.40557,0.144395,0,0,0
16.8,705.861,207.998,86.1415,0.730601,0.48881,1.68034,0.738373,0.1,0.3,0.5
16.94,753.342,196.605,50.0526,0.839488,0.561607,2.2536,0.565762,0,0.15,0.75
17.08,718.563,208.7,72.7371,0.731656,0.489372,1.67163,0.74214,0.4,0.15,0.5
17.22,709.922,203.214,86.8649,0.631075,0.422038,1.40966,1.00857,0.1,0.225,0.5
17.36,709.339,202.499,88.1627,0.618359,0.413486,1.37656,1.12315,0,0.075,0.5
17.5,708.672,203.642,87.686,0.411389,0.275047,1.40164,1.7242,0.3,0.15,0.25
17.64,683.315,203.634,113.051,0.402693,0.269156,0.992469,2.00294,0,0.225,1
17.78,672.749,206.945,120.306,0.550225,0.367727,0.87702,1.53329,0.2,0,0
17.92,678.651,201.877,119.472,0.526041,0.35158,0.912422,1.8216,0.3,0.3,0.5
18.06,724.618,188.782,86.5995,0.666391,0.445388,1.28348,1.53691,0.1,0.15,0.75
18.2,694.965,194.248,110.787,0.950612,0.635343,0.895118,0.902203,0,0,0.75
18.34,677.022,198.342,124.637,0.836134,0.558936,0.738261,1.04822,0.1,0.075,0.75
18.48,704.413,192.743,102.844,0.404133,0.270245,1.0061,1.82025,0,0.075,0.5
18.62,733.951,188.546,77.5033,0.426431,0.285082,1.3703,1.93391,0,0,0
18.76,725.698,191.435,82.8671,0.553136,0.369708,1.30833,1.76733,0,0.075,0.5
18.9,693.643,199.553,106.804,0.524957,0.350837,0.923771,1.95789,0,0.075,1
19.04,743.588,191.524,64.888,0.224241,0.149856,1.50606,2.85373,0,0,0.5
19.18,707.141,201.926,90.9329,0.204605,0.136632,1.00141,3.44197,0,0,1
19.32,697.72,204.718,97.5624,0.287577,0.191989,0.92863,3.22196,0.2,0,1
19.46,702.282,199.995,97.7226,0.356791,0.238183,0.956101,3.07305,0.1,0.225,0.5
19.6,712.649,197.177,90.1731,0.388482,0.259345,1.05073,3.17742,0,0.15,1
19.74,689.215,203.329,107.456,0.550562,0.367552,0.780065,2.64155,0.4,0.075,0.5
19.88,665.369,199.46,135.171,0.546907,0.365172,0.414025,2.76522,0,0.225,0.25
20.02,678.665,198.972,122.363,0.684863,0.457371,0.531357,2.54713,0.2,0,0.75
20.16,677.887,195.325,126.788,0.630631,0.421251,0.500892,2.68246,0.2,0.075,0
20.3,761.058,178.936,60.0065,0.501936,0.335362,1.2915,3.18641,0.1,0.15,0.25
20.44,728.412,187.103,84.4857,0.454615,0.303691,0.7623,3.52086,0,0.3,0.75
20.58,721.029,190.473,88.4978,0.537567,0.359081,0.668581,3.35035,0,0.15,1
20.72,670.38,202.245,127.375,0.59383,0.396665,0.0539156,3.20175,0,0.15,0.75
20.86,637.744,208.703,153.553,0.550246,0.367618,-0.264141,3.35701,0.1,0.075,1
21,674.328,201.966,123.706,0.551818,0.368745,0.0472405,3.35884,0,0,1
21.14,621.464,211.433,167.103,0.478367,0.31969,-0.454286,3.56851,0,0.225,0.75
21.28,623.859,212.39,163.75,0.571561,0.382021,-0.453556,3.36482,0.2,0.15,0.75
21.42,644.085,205.561,150.353,0.57584,0.384956,-0.335399,3.40445,0,0.075,0.5
21.56,596.504,213.195,190.301,0.602707,0.402964,-0.747904,3.43605,0.1,0.075,0.5
21.7,576.802,213.606,209.592,0.833324,0.557258,-0.919663,2.94247,0,0.075,0.75
21.84,557.966,216.297,225.736,0.84024,0.562119,-1.05655,2.90998,0.4,0.225,0.5
21.98,568.637,205.363,226.001,0.902836,0.604243,-1.09998,2.82835,0,0.15,0.5
22.12,529.982,210.109,259.909,1.00998,0.676208,-1.38912,2.66836,0.4,0.225,0
22.26,505.511,202.528,291.961,1.40132,0.938593,-1.67046,2.18838,0.1,0.3,0.25
22.4,496.508,201.802,301.69,1.24901,0.837275,-1.80911,2.37975,0,0.15,0.5
22.54,508.068,201.649,290.283,0.94849,0.636391,-1.76351,2.73091,0,0,0
22.68,523.154,200.783,276.063,1.28525,0.862623,-1.65448,2.30884,0,0.225,1
22.82,482.674,205.086,312.24,0.84443,0.56721,-1.95605,2.70678,0,0.3,1
22.96,411.306,211.366,377.328,0.764397,0.513645,-2.46829,2.77641,0,0,1
23.1,399.005,211.843,389.152,0.67431,0.453341,-2.53419,2.89725,0.3,0,0.25
23.24,527.427,195.283,277.29,0.826354,0.555701,-1.79613,2.67516,0,0.075,1
23.38,528.054,195.926,276.02,0.799311,0.537564,-1.79599,2.65307,0,0.225,0.25
23.52,345.826,211.318,442.857,0.919051,0.618117,-2.99995,2.51738,0.3,0.15,0.75
23.66,284.86,206.089,509.051,0.94381,0.635227,-3.48695,2.4414,0,0.15,1
23.8,377.477,201.432,421.092,0.997701,0.672088,-2.93902,2.26169,0.1,0.3,0.75
23.94,408.85,197.686,393.464,0.69527,0.468758,-2.8662,2.68076,0,0,0.5
24.08,360.548,200.291,439.16,0.975398,0.657631,-3.14335,2.12722,0.1,0.3,0
24.22,347.113,198.87,454.017,1.22287,0.824849,-3.34614,1.85645,0.3,0.15,0.75
24.36,425.492,187.048,387.46,1.08941,0.735474,-2.97163,1.95424,0.3,0.3,0.25
24.5,501.541,176.447,322.012,1.10521,0.746421,-2.66187,1.98285,0.2,0.15,0.25
24.64,613.303,165.956,220.741,0.680659,0.459796,-2.06247,2.6211,0,0,0
24.78,642.83,164.768,192.403,0.559675,0.377679,-1.8405,3.06948,0.1,0.075,0.5
24.92,618.998,166.45,214.551,0.534251,0.36009,-2.02582,3.24862,0.1,0,0
25.06,719.696,157.031,123.273,0.467817,0.314965,-1.32111,3.66699,0,0.15,0.5
25.2,729.468,157.783,112.749,0.491798,0.330691,-1.21403,3.74323,0.3,0.225,0.5
25.34,734.41,153.601,111.989,0.626067,0.420622,-1.2299,3.46607,0.1,0.225,0.25
25.48,743.091,152.802,104.107,0.664696,0.446304,-1.1586,3.5104,0,0,1
25.62,739.369,155.148,105.482,0.687532,0.461398,-1.15751,3.42373,0,0.075,1
25.76,667.802,167.758,164.441,0.484229,0.324761,-1.91569,3.83666,0,0.225,0.5
25.9,595.741,177.552,226.707,0.424847,0.284784,-2.52153,4.17009,0,0.075,1
26.04,648.628,174.225,177.147,0.569851,0.381901,-2.15738,3.72193,0.3,0.15,0
26.18,614.153,172.934,212.913,0.745197,0.499355,-2.49035,3.4629,0.4,0,0
26.32,664.335,160.8,174.865,1.14903,0.770046,-2.18495,2.79153,0,0.15,0
26.46,686.341,160.48,153.179,1.39851,0.937417,-2.01589,2.55747,0.2,0,0.75
26.6,675.415,159.269,165.316,1.50915,1.01177,-2.11829,2.35408,0,0,0.25
26.74,714.985,156.738,128.277,1.71856,1.15244,-1.77046,2.15977,0,0.075,0.5
26.88,721.549,157.765,120.687,1.08161,0.725494,-1.68561,2.68248,0.1,0.075,0.25
27.02,701.804,160.376,137.819,0.992693,0.665815,-1.88163,2.86079,0.1,0.075,0.5
27.16,717.109,158.319,124.573,1.21311,0.813629,-1.74295,2.52961,0,0.225,0.25
27.3,733.041,158.402,108.557,1.13956,0.764319,-1.58951,2.66191,0,0.15,0
27.44,691.83,166.539,141.631,1.15826,0.776806,-2.01876,2.73667,0,0.225,0.75
27.58,670.766,171.165,158.069,0.907089,0.608404,-2.21807,3.00616,0.1,0,0.25
27.72,666.164,170.924,162.911,1.17868,0.790559,-2.24917,2.62221,0,0.075,0.75
27.86,581.676,181.874,236.45,1.40658,0.943529,-2.93443,2.26081,0.1,0,0.5
28,605.082,178.451,216.467,1.36672,0.917218,-2.7762,2.27512,0.1,0.075,1
28.14,555.437,181.856,262.706,1.0588,0.710893,-3.13794,2.48678,0.2,0,0.5
28.28,498.596,182.265,319.139,0.709964,0.47693,-3.51762,2.99278,0,0.075,0.25
28.42,395.163,189.59,415.247,0.598346,0.402051,-4.13919,3.34799,0,0,0
28.56,314.214,193.675,492.111,0.715647,0.481008,-4.60332,3.24889,0.1,0,0
28.7,177.336,196.662,626.002,0.570354,0.383718,-5.46851,3.72619,0.4,0.075,1
28.84,186.989,184.6,628.411,0.721677,0.485847,-5.53936,3.31635,0.3,0.15,0.75
28.98,255.628,174.089,570.284,0.845039,0.569409,-5.14434,3.05752,0,0.075,0
29.12,272.608,173.057,554.335,0.682709,0.460555,-5.06825,3.49034,0.2,0,0.75
29.26,313.406,166.377,520.217,1.07427,0.724921,-4.83342,2.62459,0.4,0.15,0.25
29.4,325.003,157.137,517.86,1.15945,0.78303,-4.88015,2.55524,0.4,0,0.25
29.54,299.44,149.473,551.087,1.28478,0.868352,-5.07386,2.43294,0,0,0.5
29.68,386.362,146.633,467.005,1.44167,0.975275,-4.5547,2.22457,0.2,0,0.5
29.82,351.88,144.313,503.807,1.68552,1.14099,-4.75561,1.93337,0.1,0.075,0.5
29.96,331.746,143.436,524.818,1.61962,1.09751,-4.90074,1.94845,0.3,0.3,0.25
30.1,346.263,137.98,515.757,1.40573,0.953645,-4.97152,2.16277,0.1,0.075,0.5
30.24,333.147,136.968,529.885,1.52612,1.03604,-5.07787,2.00177,0,0.075,0.25
30.38,317.164,137.841,544.995,1.68641,1.14573,-5.19209,1.85745,0.1,0,0.5
30.52,346.47,135.239,518.291,2.27291,1.54528,-5.03217,1.27923,0.2,0.3,0.5
30.66,308.14,133.707,558.153,2.297,1.56333,-5.37467,1.19833,0.1,0.15,0.5
30.8,362.31,130.839,506.85,2.88871,1.96788,-5.13873,0.738053,0,0.075,0
30.94,321.408,132.686,545.906,2.10547,1.43654,-5.37899,1.18437,0.1,0.15,0
31.08,369.649,130.064,500.287,2.34342,1.60029,-5.1789,1.05822,0,0.15,0.5
31.22,203.476,135.904,660.62,3.82721,2.61494,-6.10768,0.0211351,0.1,0.225,0.25
31.36,267.227,132.555,600.218,3.6031,2.46638,-5.80663,0.0766034,0.1,0,0.25
31.5,226.083,131.735,642.182,2.83821,1.9464,-6.06722,0.369995,0.1,0.075,0
31.64,185.492,130.783,683.725,2.26564,1.55644,-6.39954,0.710412,0.4,0.15,0.5
31.78,211.053,122.875,666.071,1.65557,1.13929,-6.37,1.05843,0.2,0.15,0.25
31.92,208.86,119.598,671.542,1.46569,1.00942,-6.50714,1.24409,0.2,0,0.5
32.06,185.291,116.578,698.131,1.96811,1.35592,-6.69621,0.684757,0.2,0,0
32.2,258.955,111.609,629.436,2.22617,1.53509,-6.15829,0.534784,0.1,0.075,1
32.34,344.899,108.574,546.527,2.04761,1.41334,-5.68401,0.486741,0.3,0.3,0.75
32.48,226.052,108.064,665.884,2.77931,1.91906,-6.44402,-0.173274,0.2,0.075,0.25
32.62,181.315,106.083,712.602,2.56584,1.77405,-6.80281,-0.0771473,0,0,0.75
32.76,118.466,106.959,774.575,2.26151,1.56588,-7.28603,-0.020496,0,0,0
32.9,124.66,106.273,769.067,1.97562,1.36991,-7.22501,0.215729,0,0.15,1
33.04,140.367,105.739,753.894,2.70992,1.88044,-7.23489,-0.518115,0.1,0.15,0
33.18,99.4344,104.772,795.794,2.79258,1.94036,-7.785,-0.531854,0.3,0.3,0.25
33.32,163.667,99.297,737.036,3.52287,2.45069,-7.46203,-0.95493,0.3,0.075,0.5
33.46,203.057,94.4531,702.49,3.9299,2.73757,-7.23764,-1.2173,0.3,0.075,0.25
33.6,202.425,90.7178,706.857,2.78709,1.94553,-7.32068,-0.806727,0.3,0.225,0
33.74,213.782,87.2148,699.003,1.8715,1.30845,-7.4226,-0.271247,0.2,0.3,1
33.88,253.626,84.8463,661.528,1.31249,0.918002,-7.3682,0.0265023,0,0.3,0
34.02,244.05,85.8558,670.094,1.46966,1.02725,-7.58708,-0.0732736,0,0.3,1
34.16,270.322,86.2628,643.415,0.708899,0.495128,-7.59635,0.579037,0.2,0.075,0.5
34.3,199.518,85.6301,714.852,0.789842,0.550077,-8.05008,0.464067,0.4,0.3,0
34.44,207.825,81.3364,710.839,0.761594,0.529245,-8.23487,0.667539,0.2,0,0.5
34.58,179.377,79.6974,740.926,0.905713,0.628307,-8.4414,0.424786,0.4,0,0.25
34.72,220.647,74.8488,704.504,1.01307,0.702103,-8.16632,0.317113,0,0.15,0
34.86,236.837,75.203,687.961,1.32268,0.916148,-8.15627,-0.0387076,0.3,0.075,0.25
35,240.894,72.5842,686.522,1.63845,1.13484,-8.19318,-0.375385,0.1,0.15,0.75
35.14,92.8584,74.1203,833.021,0.966798,0.670119,-9.17648,0.156381,0.3,0.075,0.5
35.28,63.8808,71.0949,865.024,0.534764,0.370348,-9.71326,0.852736,0.4,0.15,0.25
35.42,134.252,66.1735,799.575,0.631895,0.436538,-8.85807,0.746692,0,0,1
35.56,105.499,66.44,828.061,0.66041,0.455403,-9.12992,0.652079,0,0.225,0.5
35.7,187.565,65.7266,746.709,0.862157,0.593892,-8.49669,0.256741,0.2,0.075,0.25
35.84,143.466,64.7357,791.798,0.992498,0.683335,-8.88069,0.106191,0,0.15,1
35.98,147.665,64.9083,787.427,0.666924,0.459201,-8.99341,0.509665,0.2,0.225,0.25
36.12,143.042,63.4697,793.488,0.539099,0.370594,-9.26498,0.928396,0.3,0.3,1
36.26,195.411,60.7131,743.876,0.593244,0.407081,-9.12411,0.784075,0.2,0.225,0.5
36.4,156.187,60.0258,783.787,0.391175,0.267824,-9.56674,1.40159,0,0.3,1
36.54,216.411,59.9551,723.634,0.436547,0.2981,-9.34605,1.32379,0,0.225,0.25
36.68,272.702,60.1413,667.157,0.497009,0.33877,-9.13143,1.33836,0,0.15,0
36.82,314.907,60.6669,624.426,0.586719,0.399443,-8.97378,1.30644,0.1,0.15,0
36.96,352.973,60.5952,586.432,0.802199,0.545818,-8.84729,0.948641,0.2,0.075,0.25
37.1,353.662,60.2524,586.085,0.929001,0.632048,-8.87652,0.799038,0.4,0.075,0.75
37.24,289.888,59.0424,651.069,0.918395,0.624963,-9.22384,0.780052,0,0.075,0.25
37.38,321.492,59.7106,618.797,1.19598,0.814103,-9.08937,0.38894,0.2,0,0.75
37.52,245.026,60.032,694.942,1.0135,0.69045,-9.47691,0.555364,0,0.15,0.5
37.66,267.848,60.6202,671.532,0.897134,0.611609,-9.42668,0.736774,0.2,0.15,1
37.8,311.202,59.4221,629.376,1.00811,0.687421,-9.27096,0.461701,0.3,0,1
37.94,365.92,57.394,576.686,0.779884,0.532009,-9.00077,0.707678,0,0.075,0.75
38.08,422.047,58.1859,519.767,0.6062,0.413285,-8.75846,1.03916,0.3,0,0.25
38.22,481.549,56.6706,461.781,0.468307,0.318749,-8.4922,1.53271,0,0.15,0
38.36,463.884,59.0931,477.023,0.705208,0.479328,-8.60563,1.01826,0,0.075,0
38.5,445.577,61.3307,493.092,0.647773,0.439986,-8.70199,1.31185,0.2,0.225,0
38.64,376.917,62.6397,560.443,0.760135,0.516001,-9.08296,1.23079,0,0.225,0.75
38.78,193.98,66.6556,739.364,0.610977,0.414728,-10.0228,1.526,0.1,0.225,1
38.92,308.733,65.0625,626.204,0.519913,0.352958,-9.39272,1.73619,0.1,0.3,0
39.06,363.086,64.7827,572.131,0.665963,0.451847,-9.24873,1.53899,0.1,0,0.5
39.2,450.42,63.99,485.59,0.937,0.635644,-8.82884,0.98696,0.2,0.225,0.25
39.34,594.33,61.9915,343.679,0.946899,0.642445,-8.24459,1.04063,0.3,0,0
39.48,492.159,64.1657,443.676,1.27706,0.866225,-8.73787,0.628429,0.3,0.15,1
39.62,504.705,63.4475,431.847,0.886858,0.601905,-8.72602,0.969262,0.1,0,0
39.76,435.526,65.8328,498.641,1.18241,0.802388,-9.03505,0.589722,0,0.15,0.25
39.9,330.621,69.2807,600.099,1.09987,0.746757,-9.55528,0.738061,0,0,0.75
40.04,272.864,71.1014,656.034,0.446379,0.303588,-9.84041,1.59095,0.3,0.225,0.75
40.18,403.791,67.4368,528.772,0.409871,0.278318,-9.24034,1.82959,0.3,0.075,0.25
40.32,377.998,66.5796,555.422,0.521801,0.353793,-9.39272,1.65744,0,0,0
40.46,241.561,69.8348,688.604,0.644338,0.436603,-10.0334,1.53013,0.2,0.3,0.75
40.6,340.414,67.5966,591.989,0.605841,0.410641,-9.62401,1.64627,0,0.075,1
40.74,318.497,69.0828,612.42,0.610532,0.413728,-9.75807,1.61818,0.1,0.075,0.25
40.88,205.933,70.6792,723.388,0.813842,0.551456,-10.3662,1.25071,0.4,0.225,0.75
41.02,228.692,67.09,704.218,0.915261,0.620642,-10.3926,1.04248,0.1,0,0.75
41.16,280.501,66.071,653.428,0.384528,0.261304,-10.076,1.89687,0.3,0,1
41.3,404.382,62.6456,532.973,0.406064,0.275447,-9.41393,1.91699,0.1,0.075,1
41.44,481.641,62.3104,456.048,0.417906,0.283009,-9.08031,1.96077,0,0.15,0.25
41.58,571.075,62.9763,365.948,0.606489,0.41028,-8.71022,1.50957,0,0.075,0.75
41.72,463.46,67.6464,468.894,0.379195,0.256215,-9.22525,2.12186,0,0.15,1
41.86,278.226,72.7329,649.041,0.320612,0.216292,-10.1074,2.46983,0.2,0.15,0.5
42,317.478,71.0809,611.441,0.477795,0.32215,-9.97427,1.99827,0,0,0.25
42.14,425.044,70.5395,504.417,0.608492,0.410321,-9.41837,1.78057,0.2,0.225,0.25
42.28,424.045,70.4055,505.55,0.926978,0.625159,-9.49834,1.12213,0,0,0.25
42.42,509.205,70.5385,420.256,1.09501,0.738932,-9.09661,0.915515,0,0,0
42.56,549.873,71.7287,378.399,0.95298,0.64348,-8.89847,1.21821,0,0,0.5
42.7,400.84,77.225,521.935,0.495532,0.334724,-9.59367,1.9683,0.2,0.075,0.75
42.84,377.535,76.9191,545.546,0.46216,0.312048,-9.73362,2.15646,0,0.225,1
42.98,426.684,77.5835,495.732,0.571802,0.385953,-9.57351,1.8427,0,0.15,0.5
43.12,419.14,79.3677,501.492,0.587143,0.396274,-9.6501,1.90554,0.2,0.15,0.5
43.26,405.124,79.0337,515.842,0.568416,0.383632,-9.76894,2.0525,0,0.075,1
43.4,539.51,78.0332,382.457,0.505575,0.341214,-9.15036,2.21995,0.1,0.075,0.75
43.54,391.634,82.6405,525.725,0.671729,0.453114,-9.86942,1.79612,0.1,0.075,1
43.68,467.389,81.4098,451.201,0.352308,0.237814,-9.53051,2.48826,0.3,0.075,0
43.82,521.332,78.6523,400.016,0.348882,0.235173,-9.30714,2.85487,0.2,0.225,0.5
43.96,648.674,75.8168,275.51,0.300012,0.201936,-8.76423,3.31772,0,0,1
44.1,724.832,76.0423,199.126,0.351383,0.236167,-8.33053,3.25635,0,0.3,0.5
44.24,789.606,76.5927,133.801,0.274062,0.183906,-7.92856,3.83961,0.1,0.3,1
44.38,801.461,78.452,120.087,0.347693,0.233034,-7.84534,3.66981,0.1,0.225,0
44.52,795.839,81.3774,122.784,0.409088,0.273981,-7.90642,3.75635,0.2,0.225,0.25
44.66,788.231,83.3019,128.467,0.557923,0.37352,-7.99801,3.44656,0,0.225,0.75
44.8,911.653,77.8526,10.4941,0.563822,0.377401,-6.85553,3.48704,0.1,0.075,0.75
44.94,904.799,82.3922,12.8088,0.682173,0.456408,-7.02666,3.21974,0,0.075,0.75
45.08,907.398,83.2693,9.33304,0.696956,0.466118,-6.66189,3.20142,0,0.075,1
45.22,902.677,87.296,10.0274,0.811898,0.542827,-6.65367,2.90581,0.4,0.075,0.25
45.36,894.648,90.5601,14.7916,0.909595,0.608004,-7.09602,2.81338,0,0.075,0.5
45.5,894.628,92.5166,12.8555,1.15684,0.773154,-6.88925,2.41799,0.4,0,1
45.64,896.258,90.6421,13.0997,1.21778,0.813776,-6.82701,2.221,0,0.075,1
45.78,897.828,91.7321,10.4404,1.41429,0.945001,-6.52998,1.85179,0,0.225,0.5
45.92,901.435,91.4901,7.07484,1.13919,0.761091,-6.10086,2.12086,0,0.3,0.5
46.06,895.765,96.0935,8.14097,0.939023,0.627258,-6.16615,2.38309,0,0.075,0.5
46.2,875.82,108.841,15.3394,0.455607,0.304247,-7.03622,3.18931,0,0.15,0.25
46.34,855.574,119.721,24.7056,0.558968,0.373193,-7.67985,3.05759,0,0.15,1
46.48,864.905,118.175,16.9204,0.504125,0.336527,-7.2745,3.21084,0,0.225,1
46.62,873.193,115.968,10.8387,0.596447,0.398103,-6.80787,2.95797,0,0,0.5
46.76,861.343,123.485,15.1718,0.747954,0.499175,-7.14174,2.66422,0,0.075,0.25
46.9,851.351,129.564,19.0856,0.561856,0.374942,-7.35783,3.1513,0.3,0.075,0
47.04,844.447,130.926,24.6262,0.944379,0.630179,-7.63159,2.32378,0,0,0
47.18,834.197,136.329,29.474,0.936264,0.624766,-7.80184,2.46039,0.1,0.075,0.5
47.32,799.189,149.144,51.6672,0.794697,0.53031,-8.66852,2.7095,0,0.225,0
47.46,795.303,152.185,52.5126,1.00335,0.669591,-8.69246,2.45602,0,0.3,0.5
47.6,790.459,155.571,53.9698,0.697864,0.465787,-8.74414,2.93087,0.2,0.075,1
47.74,783.17,155.863,60.9673,0.77355,0.516325,-8.88624,2.72149,0.1,0.225,0.5
47.88,777.243,157.606,65.1511,1.03305,0.68958,-8.98249,2.25331,0.3,0,0.75
48.02,745.399,161.187,93.4144,1.09597,0.731663,-9.51467,2.1106,0,0,1
48.16,712.227,168.464,119.309,1.49891,1.00082,-9.86738,1.43671,0.1,0.3,1
48.3,696.92,170.849,132.231,1.39863,0.934198,-10.0614,1.39742,0,0,0.25
48.44,693.765,172.68,133.555,1.11229,0.743267,-10.0582,1.73656,0,0.075,0.25
48.58,713.196,171.639,115.165,1.24817,0.83428,-9.85548,1.59822,0.1,0.225,0.75
48.72,698.735,173.748,127.517,0.843788,0.56418,-10.0317,2.02401,0,0.075,0.5
48.86,677.655,178.25,144.095,0.800123,0.535072,-10.216,2.13551,0,0,1
49,726.169,173.25,100.581,0.846321,0.566061,-9.74895,1.98011,0,0.15,0.5
49.14,724.071,175.351,100.578,0.881561,0.589647,-9.7549,1.94803,0,0,1
49.28,687.888,182.933,129.179,0.588627,0.393735,-10.1277,2.37584,0,0.15,0.25
49.42,733.959,177.844,88.1969,0.529776,0.354359,-9.67329,2.6811,0,0,0.5
49.56,718.637,182.095,99.2688,0.626822,0.419195,-9.81873,2.52295,0,0,0.5
49.7,707.85,185.245,106.905,0.651141,0.435428,-9.90168,2.54852,0.2,0,0.25
49.84,754.163,174.158,71.6797,0.821308,0.549211,-9.4079,2.27886,0,0,0.25
49.98,709.341,185.529,105.131,1.06134,0.709688,-10.0002,1.92089,0.3,0,0.25
50.12,710.322,180.072,109.606,0.949648,0.635095,-10.0364,2.13682,0.4,0.225,0.5
50.26,732.876,169.763,97.3607,1.01212,0.67694,-9.89989,2.05114,0.1,0.075,0.25
50.4,733.361,169.336,97.303,1.02328,0.684452,-9.89025,2.09473,0.2,0.15,0.75
50.54,695.179,173.793,131.028,0.763002,0.510405,-10.3729,2.43649,0,0.075,0.5
50.68,696.713,175.129,128.158,0.379686,0.254031,-10.3382,3.25503,0,0,0
50.82,655.764,182.214,162.022,0.292461,0.195586,-10.7022,3.93329,0,0.15,0
50.96,723.471,175.727,100.802,0.384703,0.257208,-10.137,3.87686,0,0.15,0.5
51.1,762.53,170.691,66.7793,0.593467,0.396714,-9.67181,3.25921,0.4,0.15,0.25
51.24,758.869,165.877,75.2539,0.600011,0.40103,-9.83391,3.39263,0.1,0.075,0.25
51.38,769.974,163.353,66.6732,0.616107,0.41175,-9.6673,3.49944,0.3,0.15,0
51.52,773.612,159.009,67.3795,0.774122,0.517312,-9.67683,3.30223,0.4,0,1
51.66,798.501,148.149,53.3502,0.937003,0.626146,-9.37467,2.91834,0,0,0.25
51.8,812.58,146.31,41.1097,1.09063,0.728788,-9.04957,2.73776,0.2,0.075,0.75
51.94,829.632,140.01,30.358,0.92099,0.615406,-8.69307,2.92036,0.3,0.075,0.75
52.08,800.736,148.018,51.2457,0.720092,0.481102,-9.48571,3.22071,0,0.075,0.25
52.22,772.496,157.052,70.4525,0.84275,0.563016,-9.93491,3.07175,0,0,0
52.36,768.025,159.611,72.3648,0.68388,0.4569,-9.94162,3.50056,0,0.075,0.5
52.5,800.283,154.616,45.1015,0.747092,0.499127,-9.43171,3.42681,0.2,0,1
52.64,790.459,155.825,53.7165,0.890413,0.594838,-9.62899,3.07745,0,0.15,0.25
52.78,793.728,156.785,49.4862,0.731195,0.488469,-9.51814,3.42959,0.1,0.15,0
52.92,807.837,153.045,39.1178,0.786878,0.525637,-9.23789,3.47598,0,0,0.25
53.06,810.158,153.656,36.1856,0.965783,0.645105,-9.09466,3.22444,0,0.15,0.5
53.2,819.744,151.959,28.2971,1.08237,0.722956,-8.79542,3.05242,0.1,0,1
53.34,790.533,163.172,46.2948,1.03511,0.691354,-9.51084,3.01077,0.4,0.225,1
53.48,765.178,165.954,68.868,0.865237,0.577901,-10.1281,3.15918,0.4,0.3,0.5
53.62,813.318,150.05,36.6322,0.807979,0.539693,-9.53458,3.28914,0,0.3,0.25
53.76,811.662,152.461,35.8765,0.907479,0.606115,-9.50946,3.19311,0,0,0.25
53.9,822.713,150.031,27.2561,0.62725,0.418918,-9.15692,3.74185,0,0,0
54.04,793.546,162.7,43.7534,0.784904,0.52415,-9.83029,3.54888,0.1,0.15,0.75
54.18,812.313,156.864,30.8229,0.553372,0.369521,-9.43323,3.99127,0,0,0.25
54.32,778.199,170.83,50.9703,0.562355,0.375468,-10.1808,4.1325,0.4,0.075,0.5
54.46,766.625,168.634,64.7415,0.516877,0.345086,-10.501,4.3652,0.4,0.15,0.25
54.6,785.174,158.699,56.1273,0.602447,0.402212,-10.3193,4.29386,0,0.075,0
54.74,760.569,166.539,72.8915,0.771443,0.515037,-10.6804,4.06455,0.4,0.15,0.5
54.88,726.936,168.195,104.869,0.941956,0.628927,-11.2604,3.77226,0.3,0.3,0
55.02,722.505,165.167,112.328,1.17878,0.787195,-11.3961,3.51041,0.4,0.3,0.25
55.16,783.159,150.477,66.3644,0.979679,0.654448,-10.8635,3.81184,0,0.15,0.75
55.3,743.856,160.883,95.2615,0.671967,0.448927,-11.4229,4.25086,0.4,0.3,0.5
55.44,730.748,157.876,111.376,0.532308,0.355655,-11.6872,4.64076,0,0.225,0.5
55.58,775.526,153.577,70.8973,0.481434,0.321679,-11.2101,4.90879,0,0.15,0.75
55.72,753.076,160.192,86.7325,0.462023,0.308662,-11.5003,5.0641,0,0,0.25
55.86,732.039,165.611,102.35,0.499838,0.333902,-11.7176,5.15064,0,0,0
56,743.396,165.3,91.304,0.707285,0.472486,-11.5473,4.75888,0,0.075,1
56.14,750.558,165.72,83.7218,0.750444,0.501354,-11.4249,4.61969,0,0.075,0.25
56.28,768.334,163.985,67.6808,0.627532,0.419268,-11.1553,4.9757,0,0.075,0.75
56.42,781.968,162.546,55.4869,0.539027,0.360112,-10.9008,5.22316,0,0.225,0
56.56,784.024,163.858,52.1183,0.69089,0.46152,-10.8252,5.01713,0,0,0.25
56.7,805.372,159.355,35.273,0.569239,0.380228,-10.3684,5.40685,0,0.225,0
56.84,811.636,158.679,29.6848,0.488402,0.326171,-10.1516,5.83786,0,0.225,1
56.98,805.629,162.376,31.9946,0.38726,0.258561,-10.2195,6.19147,0.3,0,0.25
57.12,810.657,157.214,32.1291,0.50396,0.336422,-10.1598,5.9954,0,0.225,0.75
57.26,817.563,156.133,26.3044,0.530492,0.354097,-9.91106,5.9963,0,0.15,0.75
57.4,821.352,155.718,22.9301,0.438267,0.292502,-9.7034,6.33169,0.4,0.3,0
57.54,835.414,145.835,18.7502,0.790717,0.52769,-9.4451,5.37965,0,0,0.5
57.68,817.008,155.504,27.4874,0.795475,0.530841,-9.91111,5.41306,0.1,0.15,0.25
57.82,812.533,157.227,30.2391,1.01127,0.674842,-9.98907,5.09244,0,0.3,0.25
57.96,830.221,151.973,17.8065,1.28355,0.856557,-9.46444,4.74038,0.1,0.15,0
58.1,822.433,155.655,21.9116,1.46482,0.977521,-9.663,4.61128,0.3,0.225,0
58.24,824.798,152.105,23.0969,1.78196,1.18918,-9.67823,4.35433,0,0.075,0.5
58.38,822.436,154.136,23.4282,2.33541,1.55856,-9.62572,3.83017,0,0,0.25
58.52,822.371,155.02,22.6093,1.06013,0.707555,-9.49977,4.65594,0,0,0.25
58.66,784.668,172.801,42.5309,0.699728,0.467009,-10.4946,5.23205,0,0.225,0.5
58.8,778.301,176.322,45.3766,0.640643,0.427582,-10.5681,5.42527,0,0,0.25
58.94,786.31,174.761,38.9294,0.642838,0.42905,-10.3327,5.55441,0,0,0
59.08,727.171,196.304,76.525,0.833554,0.556334,-11.5137,5.28693,0,0,0
59.22,734.891,195.365,69.744,0.793516,0.529698,-11.3552,5.50203,0.2,0.3,1
59.36,773.172,183.254,43.5745,0.916299,0.611715,-10.8591,5.19943,0.2,0.3,0.75
59.5,796.881,173.33,29.7895,0.717308,0.478886,-10.4451,5.49898,0,0.225,0.5
59.64,831.522,160.194,8.2844,0.668611,0.446345,-9.49505,5.66234,0.1,0,1
59.78,821.796,165.971,12.2333,0.689015,0.459903,-9.82888,5.58063,0.1,0.3,0
59.92,827.974,161.517,10.5093,0.800542,0.534296,-9.53414,5.50648,0.1,0.075,0.5
60.06,835.032,156.09,8.87727,0.724625,0.483584,-9.16262,5.69252,0,0,0.25
60.2,832.965,157.299,9.73622,0.436069,0.290971,-9.05811,6.41423,0,0,0.5
60.34,829.311,159.581,11.1084,0.475028,0.316927,-9.02503,6.45237,0,0.075,1
60.48,828.021,160.432,11.5474,0.346877,0.231397,-8.90403,6.90955,0,0.15,0.25
60.62,824.776,162.593,12.6311,0.470828,0.314058,-8.8679,6.6664,0.3,0,0.75
60.76,830.019,156.759,13.222,0.556863,0.371429,-8.76146,6.48588,0,0,0.25
60.9,834.738,154.19,11.0719,0.572208,0.381653,-8.41404,6.60834,0.4,0.3,0.25
61.04,828.447,155.234,16.3183,0.37471,0.249914,-8.86267,7.29602,0.2,0,1
61.18,844.816,144.943,10.2405,0.483179,0.322247,-8.2889,6.96835,0,0.075,0.25
61.32,836.9,150.156,12.9442,0.597846,0.398712,-8.441,6.80448,0,0.15,0
61.46,849.575,143.26,7.16498,0.765129,0.510272,-7.78266,6.57799,0.1,0.075,0
61.6,865.683,131.213,3.104,0.678888,0.452749,-6.87402,6.90623,0,0.15,0.5
61.74,865.988,130.409,3.60258,0.853181,0.568971,-6.56991,6.58211,0,0.225,0.5
61.88,855.047,138.899,6.05324,1.12667,0.751348,-6.9581,6.12137,0.2,0.225,1
62.02,857.651,135.868,6.48165,0.861339,0.574402,-6.79607,6.36921,0.2,0,0
62.16,857.762,134.599,7.63913,0.795404,0.530427,-6.74886,6.6232,0,0,0.5
62.3,843.629,144.262,12.1094,0.682274,0.454982,-7.22138,6.88296,0.4,0.15,1
62.44,850.979,137.121,11.8991,0.758106,0.505555,-7.07775,6.67377,0,0,0.25
62.58,843.774,141.79,14.4361,0.823283,0.549023,-7.18878,6.64527,0,0.075,1
62.72,853.692,137.121,9.18693,0.678003,0.452151,-6.64469,6.8447,0,0.075,0.75
62.86,852.797,137.973,9.22967,0.444767,0.296605,-6.47897,7.38819,0.1,0.225,0
63,856.663,135.192,8.14492,0.520974,0.347418,-6.19304,7.40215,0,0,0
63.14,858.31,134.23,7.46028,0.674092,0.44952,-5.89031,7.18585,0,0.075,0.25
63.28,856.906,135.306,7.78845,0.62364,0.415872,-5.73387,7.4251,0.4,0.225,0.25
63.42,857.482,132.704,9.81334,0.378484,0.252387,-5.86399,8.16775,0.1,0.075,0.5
63.56,864.021,128.398,7.58069,0.382749,0.255225,-5.44307,8.37052,0.4,0,0.75
63.7,870.743,121.721,7.53611,0.50752,0.338419,-5.23008,8.03333,0,0,0
63.84,871.017,121.876,7.10776,0.457375,0.304979,-4.96923,8.42567,0.1,0.15,0.75
63.98,868.589,123.319,8.09242,0.524877,0.349985,-4.94709,8.3071,0,0,1
64.12,881.101,115.617,3.28199,0.462063,0.3081,-4.07203,8.50841,0.3,0.075,0.25
64.26,880.568,114.85,4.58277,0.593163,0.39551,-4.11596,8.28557,0,0.075,0.75
64.4,876.179,118.169,5.65198,0.556078,0.370779,-4.09541,8.42468,0,0,0
64.54,872.853,120.664,6.48264,0.309408,0.206304,-4.01343,9.32349,0.1,0,0.25
64.68,866.691,124.594,8.71449,0.349265,0.232876,-4.18716,9.47567,0,0,0.75
64.82,866.228,125.313,8.45843,0.335173,0.223479,-3.97975,9.73239,0,0,0
64.96,860.968,129.054,9.97758,0.30242,0.20164,-4.00939,10.2536,0,0.075,0
65.1,850.76,135.793,13.4473,0.426003,0.284038,-4.2718,10.04,0.3,0.3,0
65.24,864.2,126.824,8.97517,0.505443,0.337012,-3.80295,10.0435,0,0.15,1
65.38,844.597,139.666,15.7371,0.355563,0.237079,-4.53574,10.5254,0,0.3,0.75
65.52,850.689,137.616,11.6953,0.356023,0.23739,-4.16932,10.7117,0,0.225,0
65.66,853.509,136.647,9.84369,0.399047,0.266078,-3.87392,10.8753,0,0.225,0.75
65.8,852.791,137.588,9.62074,0.442497,0.295049,-3.71368,10.8572,0,0.225,0.5
65.94,850.125,139.717,10.1581,0.664584,0.443133,-3.641,10.2585,0,0.15,0
66.08,848.529,141.111,10.3605,0.496277,0.330915,-3.51979,10.8277,0.2,0.3,0
66.22,838.591,146.293,15.1154,0.59914,0.399505,-3.94721,10.7565,0,0,0.25
66.36,843.486,144.226,12.2879,0.704033,0.469457,-3.60144,10.6365,0,0.075,0
66.5,851.563,139.964,8.47374,1.35057,0.900581,-3.09678,9.39851,0.2,0,0
66.64,846.085,142.358,11.5571,1.78882,1.19283,-3.32416,8.98346,0.4,0.075,0
66.78,860.365,131.053,8.58236,2.32624,1.55123,-2.87701,8.58194,0.3,0.075,0
66.92,857.068,131.565,11.3671,2.06007,1.37377,-3.08352,8.79983,0.4,0.3,0
67.06,861.398,126.802,11.7999,2.55163,1.70161,-3.03636,8.48361,0.4,0.15,0
67.2,867.454,121.14,11.4057,2.54621,1.69805,-2.89125,8.52443,0.4,0.3,0
67.34,870.78,117.362,11.8583,1.62347,1.08272,-2.85816,9.11773,0.4,0.3,0
67.48,864.993,118.693,16.3143,2.35163,1.56837,-3.22356,8.49649,0.4,0.3,0
67.62,857.95,119.999,22.0512,2.20762,1.4724,-3.59539,8.63223,0.4,0.3,0
67.76,848.612,121.535,29.8537,2.15843,1.43968,-3.9955,8.71181,0.4,0.3,0
67.9,839.396,122.204,38.3999,2.08504,1.39085,-4.33676,8.81066,0.4,0.3,0
68.04,841.511,119.122,39.3668,1.83631,1.22509,-4.37904,9.04236,0.4,0.3,0
68.18,838.104,117.671,44.2249,1.24953,0.833749,-4.541,9.58945,0.4,0.3,0
68.32,862.68,109.407,27.913,1.10346,0.736361,-4.11543,9.85878,0.4,0.3,0
68.46,868.271,105.876,25.8529,1.43863,0.960045,-4.03171,9.49685,0.4,0.3,0
68.6,853.792,109.078,37.1303,1.34131,0.895132,-4.53925,9.67715,0.4,0.3,0
68.74,851.944,107.738,40.3178,1.14867,0.766633,-4.65558,9.9804,0.4,0.3,0
68.88,886.46,97.6066,15.9339,1.30368,0.870131,-3.95724,9.87266,0.4,0.3,0
69.02,896.598,92.2219,11.1798,1.49078,0.994991,-3.5937,9.7385,0.4,0.3,0
69.16,904.296,87.5376,8.1668,2.21749,1.48,-3.24166,9.06461,0.4,0.3,0
69.3,889.503,95.1441,15.353,1.82857,1.2204,-4.14661,9.37869,0.4,0.3,0
69.44,887.879,94.8456,17.2751,2.40437,1.6047,-4.26408,8.95342,0.4,0.3,0
69.58,882.06,96.1694,21.7705,2.62976,1.75516,-4.5437,8.85034,0.4,0.3,0
69.72,890.803,92.0874,17.1098,3.28648,2.19354,-4.29532,8.50352,0.4,0.3,0
69.86,898.187,88.3418,13.4713,4.23505,2.82672,-4.03951,8.08727,0,0,0
70,909.772,85.0844,5.1435,4.63689,3.095,-3.26903,7.9593,0,0,0
